slug,gyg_id,title,summary,kind,tags,district,town,landmark,lat,lng,geo_precision,duration_min,duration_label,price_band,price_basis,group_max,booking_url,priority,visits_north,north_site
clay-pigeon-shooting-1465691,1465691,Clay-pigeon shooting,"About 2.5 h, from Ayia Napa. Includes hotel pickup. Small group. Price level €€€ per person.",air,pickup;small-group;short,famagusta,Ayia Napa,,34.9893,33.9962,town,150,2.5 h,€€€,person,,https://www.getyourguide.com/protaras-l132513/ayia-napa-clay-pigeon-shooting-experience-with-hotel-pickup-t1465691/,0,false,
clay-pigeon-shooting-and-sea-caves-visit-1175497,1175497,Clay-pigeon shooting & sea-caves visit,"About 4.5 h, from Ayia Napa. Takes in the sea caves. Includes hotel pickup. Small group. Price level €€€ per person.",air,pickup;small-group;half-day,famagusta,Ayia Napa,Ayia Napa sea caves,34.9684,34.0546,landmark,270,4.5 h,€€€,person,,https://www.getyourguide.com/protaras-l132513/ayia-napa-sea-caves-and-clay-pigeon-shooting-tour-t1175497/,0,false,
7-day-private-sailing-voyage-around-cyprus-1478269,1478269,7-day private sailing voyage around Cyprus,"7 days, from Paralimni. Private for up to 6 guests. Price level €€€€ per group (up to 6 guests).",boat,private;multi-day,famagusta,Paralimni,Cape Greco,34.96,34.0838,landmark,10080,7 days,€€€€,group,6,https://www.getyourguide.com/ayia-napa-l124743/7-day-private-sailing-cruise-cyprus-coastal-expedition-t1478269/,0,false,
adults-only-cruise-along-the-protaras-coast-with-bbq-646340,646340,Adults-only cruise along the Protaras coast with BBQ,"About 4.5 h, from Protaras. Includes a meal. Small group, adults only. Price level €€ per person.",boat,meal;small-group;adults-only;half-day,famagusta,Protaras,,35.0149,34.0531,town,270,4.5 h,€€,person,,https://www.getyourguide.com/protaras-l132513/the-yellow-boat-cruises-lazy-day-cruise-adults-only-bbq-t646340/,0,false,
adults-only-cruise-along-the-protaras-coast-with-swim-stops-1352492,1352492,Adults-only cruise along the Protaras coast with swim stops,"About 3.5 h, from Protaras. Includes swim stops. Small group, adults only. Price level €€ per person.",boat,small-group;adults-only;half-day,famagusta,Protaras,Cape Greco,34.96,34.0838,landmark,210,3.5 h,€€,person,,https://www.getyourguide.com/protaras-l132513/protaras-adults-only-swim-chill-cruise-with-lunch-sup-s-t1352492/,0,false,
adults-only-cruise-to-the-blue-lagoon-with-turtle-spotting-1275721,1275721,Adults-only cruise to the Blue Lagoon with turtle spotting,"About 3.5 h, from Ayia Napa. Takes in the Blue Lagoon. Includes turtle spotting. Adults only. Price level €€ per person.",boat,adults-only;half-day,famagusta,Ayia Napa,Blue Lagoon (Cape Greco),34.9662,34.0798,landmark,210,3.5 h,€€,person,,https://www.getyourguide.com/ayia-napa-l124743/ayia-napa-adults-only-blue-lagoon-and-turtle-cruise-t1275721/,0,false,
adults-only-sunset-catamaran-cruise-along-the-ayia-napa-coast-1227804,1227804,Adults-only sunset catamaran cruise along the Ayia Napa coast with dinner & open bar,"About 5–6 h, from Ayia Napa. Includes hotel pickup, a meal and open bar. Adults only. Price level €€€ per person.",boat,pickup;meal;adults-only;sunset;half-day,famagusta,Ayia Napa,Konnos Bay,34.984,34.0703,landmark,300,5–6 h,€€€,person,,https://www.getyourguide.com/protaras-l132513/protaras-adults-only-all-inclusive-sunset-catamaran-cruise-t1227804/,0,false,
boat-party-1189146,1189146,Boat party,"About 5 h, from Ayia Napa. Price level €€ per person.",boat,half-day,famagusta,Ayia Napa,,34.9893,33.9962,town,300,5 h,€€,person,,https://www.getyourguide.com/ayia-napa-l124743/castle-club-boat-party-in-ayia-napa-t1189146/,0,false,
boat-party-with-dinner-and-a-dj-1420914,1420914,Boat party with dinner & a DJ,"About 3 h, from Ayia Napa. Includes a meal and a DJ. Price level €€ per person.",boat,meal;sunset;half-day,famagusta,Ayia Napa,Konnos Bay,34.984,34.0703,landmark,180,3 h,€€,person,,https://www.getyourguide.com/ayia-napa-l124743/ayia-napa-through-the-decades-greatest-hits-sunset-cruise-t1420914/,0,false,
boat-party-with-dinner-and-a-dj-483781,483781,Boat party with dinner & a DJ,"About 3.5–5 h, from Protaras. Includes hotel pickup, a meal and a DJ. Price level €€ per person.",boat,pickup;meal;sunset;half-day,famagusta,Protaras,Cape Greco,34.96,34.0838,landmark,210,3.5–5 h,€€,person,,https://www.getyourguide.com/ayia-napa-l124743/protaras-original-8090-s-dj-sunset-16-bbq-1-drink-t483781/,0,false,
boat-party-with-lunch-1143937,1143937,Boat party with lunch,"About 4 h, from Ayia Napa. Includes a meal. Price level €€ per person.",boat,meal;half-day,famagusta,Ayia Napa,Blue Lagoon (Cape Greco),34.9662,34.0798,landmark,240,4 h,€€,person,,https://www.getyourguide.com/ayia-napa-l124743/fantasy-boat-party-in-ayia-napa-t1143937/,0,false,
boat-trip-to-the-blue-lagoon-and-turtle-cove-487183,487183,Boat trip to the Blue Lagoon & Turtle Cove,"From Protaras. Takes in the Blue Lagoon, Turtle Cove and Famagusta old town. Price level € per person.",boat,,famagusta,Protaras,Blue Lagoon (Cape Greco),34.9662,34.0798,landmark,,,€,person,,https://www.getyourguide.com/pernera-l191294/protaras-famagusta-blue-lagoon-and-turtle-cove-boat-trip-t487183/,0,false,
boat-trip-to-the-blue-lagoon-and-turtle-cove-with-bbq-705484,705484,Boat trip to the Blue Lagoon & Turtle Cove with BBQ,"About 5 h, from Ayia Napa. Takes in the Blue Lagoon, Turtle Cove and Famagusta old town. Includes a meal. Price level €€ per person.",boat,meal;half-day,famagusta,Ayia Napa,Blue Lagoon (Cape Greco),34.9662,34.0798,landmark,300,5 h,€€,person,,https://www.getyourguide.com/ayia-napa-l124743/ayia-napa-blue-lagoon-turtle-cove-and-famagusta-with-bbq-t705484/,0,false,
boat-trip-to-the-blue-lagoon-with-lunch-and-turtle-spotting-468506,468506,Boat trip to the Blue Lagoon with lunch & turtle spotting,"About 3–5 h, from Protaras. Takes in the Blue Lagoon. Includes hotel pickup, a meal and turtle spotting. Price level € per person.",boat,pickup;meal;half-day,famagusta,Protaras,Blue Lagoon (Cape Greco),34.9662,34.0798,landmark,180,3–5 h,€,person,,https://www.getyourguide.com/famagusta-district-l95564/protaras-adults-presidents-cruise-slide-wbbq-1-drink-t468506/,0,false,
catamaran-cruise-along-the-ayia-napa-coast-with-lunch-and-drinks-928373,928373,Catamaran cruise along the Ayia Napa coast with lunch & drinks,"About 5.5 h, from Ayia Napa. Includes a meal and drinks. Price level €€€ per person.",boat,meal;half-day,famagusta,Ayia Napa,Cape Greco,34.96,34.0838,landmark,330,5.5 h,€€€,person,,https://www.getyourguide.com/ayia-napa-l124743/ayia-napa-luxury-catamaran-cruise-with-lunch-drinks-t928373/,0,false,
catamaran-cruise-to-green-bay-and-the-blue-lagoon-with-lunch-1450162,1450162,Catamaran cruise to Green Bay & the Blue Lagoon with lunch,"About 5 h, from Ayia Napa. Takes in Green Bay and the Blue Lagoon. Includes hotel pickup, a meal and drinks. Price level €€ per person.",boat,pickup;meal;half-day,famagusta,Ayia Napa,Green Bay,34.9996,34.0666,landmark,300,5 h,€€,person,,https://www.getyourguide.com/ayia-napa-l124743/green-bay-blue-lagoon-catamaran-cruise-with-buffet-drinks-t1450162/,0,false,
catamaran-cruise-to-the-blue-lagoon-218508,218508,Catamaran cruise to the Blue Lagoon,"About 4–5 h, from Protaras. Takes in the Blue Lagoon. Includes hotel pickup. Price level €€ per person.",boat,pickup;half-day,famagusta,Protaras,Blue Lagoon (Cape Greco),34.9662,34.0798,landmark,240,4–5 h,€€,person,,https://www.getyourguide.com/ayia-napa-l124743/from-protaras-catamaran-cruise-to-blue-lagoon-t218508/,0,false,
cruise-along-the-ayia-napa-coast-with-lunch-656850,656850,Cruise along the Ayia Napa coast with lunch,"About 4 h, from Ayia Napa. Takes in Famagusta old town. Includes hotel pickup and a meal. Price level €€ per person.",boat,pickup;meal;half-day,famagusta,Ayia Napa,Cape Greco,34.96,34.0838,landmark,240,4 h,€€,person,,https://www.getyourguide.com/ayia-napa-l124743/ayia-napa-famagusta-chillrelax-cruise-on-sancta-napa-boat-t656850/,0,false,
cruise-along-the-ayia-napa-coast-with-lunch-1380129,1380129,Cruise along the Ayia Napa coast with lunch,"About 4 h, from Ayia Napa. Includes a meal. Price level €€ per person.",boat,meal;half-day,famagusta,Ayia Napa,Cape Greco,34.96,34.0838,landmark,240,4 h,€€,person,,https://www.getyourguide.com/ayia-napa-l124743/ayia-napa-santa-napa-chill-relax-cruise-with-lunch-t1380129/,0,false,
cruise-along-the-ayia-napa-coast-with-lunch-and-swim-stops-659207,659207,Cruise along the Ayia Napa coast with lunch & swim stops,"About 4 h, from Ayia Napa. Includes a meal and swim stops. Price level €€ per person.",boat,meal;half-day,famagusta,Ayia Napa,Blue Lagoon (Cape Greco),34.9662,34.0798,landmark,240,4 h,€€,person,,https://www.getyourguide.com/ayia-napa-l124743/ayia-napa-s-biggest-boat-cruise-with-lunch-and-swimming-t659207/,0,false,
cruise-along-the-ayia-napa-coast-with-swim-stops-1401194,1401194,Cruise along the Ayia Napa coast with swim stops,"About 3 h, from Ayia Napa. Includes swim stops. Price level €€ per person.",boat,half-day,famagusta,Ayia Napa,Ayia Napa sea caves,34.9684,34.0546,landmark,180,3 h,€€,person,,https://www.getyourguide.com/ayia-napa-l124743/ayia-napa-harmony-morning-or-sunset-cruise-with-swim-stop-t1401194/,0,false,
cruise-to-protaras-with-lunch-486720,486720,Cruise to Protaras with lunch,"About 4 h, from Ayia Napa. Takes in Protaras. Includes hotel pickup and a meal. Price level €€ per person.",boat,pickup;meal;half-day,famagusta,Ayia Napa,Fig Tree Bay,35.0128,34.0588,landmark,240,4 h,€€,person,,https://www.getyourguide.com/ayia-napa-l124743/dreamy-cruise-at-protaras-and-ayia-napa-t486720/,0,false,
cruise-to-the-blue-lagoon-and-the-sea-caves-579689,579689,Cruise to the Blue Lagoon & the sea caves,"About 3 h, from Protaras. Takes in the Blue Lagoon and the sea caves. Price level € per person.",boat,half-day,famagusta,Protaras,Blue Lagoon (Cape Greco),34.9662,34.0798,landmark,180,3 h,€,person,,https://www.getyourguide.com/pernera-l191294/golden-hour-sunset-cruise-t579689/,0,false,
cruise-to-the-blue-lagoon-and-the-sea-caves-with-turtle-spotting-755270,755270,Cruise to the Blue Lagoon & the sea caves with turtle spotting,"About 4 h, from Ayia Napa. Takes in the Blue Lagoon and the sea caves. Includes turtle spotting. Price level € per person.",boat,half-day,famagusta,Ayia Napa,Blue Lagoon (Cape Greco),34.9662,34.0798,landmark,240,4 h,€,person,,https://www.getyourguide.com/ayia-napa-l124743/protaras-medusa-chill-out-cruise-to-blue-lagoon-sea-caves-t755270/,0,false,
cruise-to-the-blue-lagoon-and-turtle-cove-1427164,1427164,Cruise to the Blue Lagoon & Turtle Cove,"About 4.5 h, from Ayia Napa. Takes in the Blue Lagoon and Turtle Cove. Price level €€ per person.",boat,half-day,famagusta,Ayia Napa,Blue Lagoon (Cape Greco),34.9662,34.0798,landmark,270,4.5 h,€€,person,,https://www.getyourguide.com/ayia-napa-l124743/ayia-napa-blue-lagoon-cruise-turtle-beach-cove-t1427164/,0,false,
cruise-to-the-blue-lagoon-and-turtle-cove-931227,931227,Cruise to the Blue Lagoon & Turtle Cove,"About 2.5 h, from Protaras. Takes in the Blue Lagoon and Turtle Cove. Small group. Price level €€ per person.",boat,small-group;short,famagusta,Protaras,Blue Lagoon (Cape Greco),34.9662,34.0798,landmark,150,2.5 h,€€,person,,https://www.getyourguide.com/protaras-l132513/protaras-the-family-fun-cruise-with-the-yellow-boat-cruises-t931227/,0,false,
cruise-to-the-blue-lagoon-with-lunch-627785,627785,Cruise to the Blue Lagoon with lunch,"About 6 h, from Ayia Napa. Takes in the Blue Lagoon. Includes hotel pickup and a meal. Price level €€€ per person.",boat,pickup;meal;full-day,famagusta,Ayia Napa,Blue Lagoon (Cape Greco),34.9662,34.0798,landmark,360,6 h,€€€,person,,https://www.getyourguide.com/larnaca-l1587/blue-lagoon-vip-cruise-from-ayia-napa-t627785/,0,false,
cruise-to-the-blue-lagoon-with-lunch-and-drinks-653509,653509,Cruise to the Blue Lagoon with lunch & drinks,"About 4 h, from Protaras. Takes in the Blue Lagoon. Includes a meal, drinks and swim stops. Price level €€ per person.",boat,meal;half-day,famagusta,Protaras,Blue Lagoon (Cape Greco),34.9662,34.0798,landmark,240,4 h,€€,person,,https://www.getyourguide.com/ayia-napa-l124743/protaras-luxury-blue-lagoon-cruise-4h-food-3-swim-stops-t653509/,0,false,
cruise-to-the-blue-lagoon-with-lunch-and-turtle-spotting-430497,430497,Cruise to the Blue Lagoon with lunch & turtle spotting,"About 4.5 h, from Ayia Napa. Takes in the Blue Lagoon. Includes a meal and turtle spotting. Price level €€ per person.",boat,meal;half-day,famagusta,Ayia Napa,Blue Lagoon (Cape Greco),34.9662,34.0798,landmark,270,4.5 h,€€,person,,https://www.getyourguide.com/ayia-napa-l124743/ayia-napa-blue-lagoon-turtle-cruise-with-optional-lunch-t430497/,0,false,
cruise-to-the-blue-lagoon-with-swim-stops-649593,649593,Cruise to the Blue Lagoon with swim stops,"About 3 h, from Protaras. Takes in the Blue Lagoon. Includes swim stops. Price level € per person.",boat,half-day,famagusta,Protaras,Blue Lagoon (Cape Greco),34.9662,34.0798,landmark,180,3 h,€,person,,https://www.getyourguide.com/protaras-l132513/protaras-luxury-blue-lagoon-cruise-3h-2-swim-stops-t649593/,0,false,
cruise-to-the-blue-lagoon-the-sea-caves-and-turtle-cove-439048,439048,"Cruise to the Blue Lagoon, the sea caves & Turtle Cove","About 3 h, from Protaras. Takes in the Blue Lagoon, the sea caves and Turtle Cove. Price level €€ per person.",boat,half-day,famagusta,Protaras,Blue Lagoon (Cape Greco),34.9662,34.0798,landmark,180,3 h,€€,person,,https://www.getyourguide.com/protaras-l132513/protaras-turtle-cove-blue-lagoon-cruise-t439048/,0,false,
cruise-to-the-blue-lagoon-turtle-cove-and-the-sea-caves-473344,473344,"Cruise to the Blue Lagoon, Turtle Cove & the sea caves","About 3 h, from Protaras. Takes in the Blue Lagoon, Turtle Cove and the sea caves. Price level €€ per person.",boat,half-day,famagusta,Protaras,Blue Lagoon (Cape Greco),34.9662,34.0798,landmark,180,3 h,€€,person,,https://www.getyourguide.com/protaras-l132513/from-protaras-cruise-to-blue-lagoon-turtle-cove-sea-cave-t473344/,0,false,
cruise-to-the-sea-caves-with-lunch-and-water-slide-991281,991281,Cruise to the sea caves with lunch & water slide,"About 3.5 h, from Protaras. Takes in the sea caves. Includes hotel pickup, a meal, water slide and turtle spotting. Price level €€ per person.",boat,pickup;meal;half-day,famagusta,Protaras,Ayia Napa sea caves,34.9684,34.0546,landmark,210,3.5 h,€€,person,,https://www.getyourguide.com/protaras-l132513/protaras-lady-popi-sea-cruise-turtles-caves-water-slide-t991281/,0,false,
cruise-to-turtle-cove-and-the-blue-lagoon-with-lunch-452268,452268,Cruise to Turtle Cove & the Blue Lagoon with lunch,From Ayia Napa. Takes in Turtle Cove and the Blue Lagoon. Includes a meal. Price level €€ per person.,boat,meal,famagusta,Ayia Napa,Turtle Cove,34.972,34.048,landmark,,,€€,person,,https://www.getyourguide.com/ayia-napa-l124743/ayia-napa-lazy-day-cruise-turtle-cove-blue-lagoon-lunch-t452268/,0,false,
family-cruise-along-the-ayia-napa-coast-with-lunch-and-swim-1136715,1136715,Family cruise along the Ayia Napa coast with lunch & swim stops,"About 4 h, from Ayia Napa. Includes a meal and swim stops. Small group, good for families. Price level €€ per person.",boat,meal;small-group;family;half-day,famagusta,Ayia Napa,Cape Greco,34.96,34.0838,landmark,240,4 h,€€,person,,https://www.getyourguide.com/ayia-napa-l124743/ayia-napa-family-cruise-with-lunch-and-swim-stops-t1136715/,0,false,
fancy-dress-sunset-boat-party-with-a-dj-1111349,1111349,Fancy-dress sunset boat party with a DJ,"About 3.5 h, from Protaras. Includes hotel pickup and a DJ. Price level €€ per person.",boat,pickup;sunset;half-day,famagusta,Protaras,Cape Greco,34.96,34.0838,landmark,210,3.5 h,€€,person,,https://www.getyourguide.com/protaras-l132513/protaras-friends-family-private-charter-experience-t1111349/,0,false,
glass-bottom-boat-trip-to-cape-greco-and-the-blue-lagoon-1297210,1297210,Glass-bottom boat trip to Cape Greco & the Blue Lagoon,"About 2.5 h, from Protaras. Takes in Cape Greco and the Blue Lagoon. Price level € per person.",boat,short,famagusta,Protaras,Cape Greco,34.96,34.0838,landmark,150,2.5 h,€,person,,https://www.getyourguide.com/ayia-napa-l124743/from-protaras-glass-bottom-cape-greco-blue-lagoon-cruise-t1297210/,0,false,
morning-catamaran-cruise-along-the-ayia-napa-coast-with-lunch-1255637,1255637,Morning catamaran cruise along the Ayia Napa coast with lunch & open bar,"About 4.5–5.5 h, from Ayia Napa. Includes hotel pickup, a meal and open bar. Price level €€ per person.",boat,pickup;meal;morning;half-day,famagusta,Ayia Napa,Cape Greco,34.96,34.0838,landmark,270,4.5–5.5 h,€€,person,,https://www.getyourguide.com/protaras-l132513/ayia-napaprotaras-morning-catamaran-with-open-bar-buffet-t1255637/,0,false,
morning-cruise-along-the-protaras-coast-with-swim-stops-1447243,1447243,Morning cruise along the Protaras coast with swim stops,"About 3 h, from Protaras. Includes swim stops. Small group. Price level €€ per person.",boat,small-group;morning;half-day,famagusta,Protaras,Blue Lagoon (Cape Greco),34.9662,34.0798,landmark,180,3 h,€€,person,,https://www.getyourguide.com/famagusta-l32234/protaras-morning-cruise-with-swimming-stops-t1447243/,0,false,
pirate-ship-cruise-along-the-ayia-napa-coast-with-lunch-1192363,1192363,Pirate-ship cruise along the Ayia Napa coast with lunch,"About 4 h, from Ayia Napa. Includes a meal. Good for families. Price level €€ per person.",boat,meal;family;half-day,famagusta,Ayia Napa,Fig Tree Bay,35.0128,34.0588,landmark,240,4 h,€€,person,,https://www.getyourguide.com/ayia-napa-l124743/ayia-napa-black-pearl-pirate-ship-cruise-with-lunch-t1192363/,0,false,
pirate-ship-cruise-along-the-ayia-napa-coast-with-lunch-and-a-649749,649749,Pirate-ship cruise along the Ayia Napa coast with lunch & a show,"About 4 h, from Ayia Napa. Includes hotel pickup, a meal and a show. Good for families. Price level €€ per person.",boat,pickup;meal;family;half-day,famagusta,Ayia Napa,Cape Greco,34.96,34.0838,landmark,240,4 h,€€,person,,https://www.getyourguide.com/ayia-napa-l124743/from-ayia-napa-black-pearl-pirate-cruise-t649749/,0,false,
private-boat-trip-to-the-blue-lagoon-648860,648860,Private boat trip to the Blue Lagoon,"About 3.5 h, from Protaras. Takes in the Blue Lagoon. Private for up to 50 guests. Price level €€€€ per group (up to 50 guests).",boat,private;half-day,famagusta,Protaras,Blue Lagoon (Cape Greco),34.9662,34.0798,landmark,210,3.5 h,€€€€,group,50,https://www.getyourguide.com/ayia-napa-l124743/protaras-luxury-private-blue-lagoon-boat-trips-35h-tour-t648860/,0,false,
private-boat-trip-to-the-blue-lagoon-429645,429645,Private boat trip to the Blue Lagoon,"About 2 h, from Paralimni. Takes in the Blue Lagoon. Private for up to 9 guests. Price level €€€€ per group (up to 9 guests).",boat,private;short,famagusta,Paralimni,Blue Lagoon (Cape Greco),34.9662,34.0798,landmark,120,2 h,€€€€,group,9,https://www.getyourguide.com/paralimni-l169956/from-paralimni-sea-ray-private-boat-rental-with-blue-lagoon-t429645/,0,false,
private-boat-trip-to-the-blue-lagoon-the-sea-caves-and-protaras-471141,471141,"Private boat trip to the Blue Lagoon, the sea caves & Protaras","About 3 h, from Ayia Napa. Takes in the Blue Lagoon, the sea caves and Protaras. Private. Price level €€€€ per person.",boat,private;half-day,famagusta,Ayia Napa,Blue Lagoon (Cape Greco),34.9662,34.0798,landmark,180,3 h,€€€€,person,,https://www.getyourguide.com/protaras-l132513/explore-the-coastline-blue-lagoon-and-sea-caves-on-protaras-t471141/,0,false,
private-catamaran-cruise-along-the-ayia-napa-coast-4-1353295,1353295,Private catamaran cruise along the Ayia Napa coast (4 h),"About 4 h, from Ayia Napa. Private for up to 10 guests. Price level €€€€ per group (up to 10 guests).",boat,private;half-day,famagusta,Ayia Napa,Ayia Napa sea caves,34.9684,34.0546,landmark,240,4 h,€€€€,group,10,https://www.getyourguide.com/ayia-napa-l124743/ayia-napa-luxury-private-catamaran-cruise-t1353295/,0,false,
private-catamaran-cruise-along-the-ayia-napa-coast-4-7-1448132,1448132,Private catamaran cruise along the Ayia Napa coast (4–7 h),"About 4–7 h, from Ayia Napa. Private for up to 20 guests. Price level €€€€ per group (up to 20 guests).",boat,private;half-day,famagusta,Ayia Napa,Makronissos,34.9828,33.9553,landmark,240,4–7 h,€€€€,group,20,https://www.getyourguide.com/ayia-napa-l124743/ayia-napa-luxury-private-cruises-with-catamaran-t1448132/,0,false,
private-fishing-trip-off-ayia-napa-1406984,1406984,Private fishing trip off Ayia Napa,"About 2 h, from Ayia Napa. Private. Price level €€€€ per person.",boat,private;short,famagusta,Ayia Napa,,34.9893,33.9962,town,120,2 h,€€€€,person,,https://www.getyourguide.com/ayia-napa-l124743/ayia-napa-private-fishing-cruise-with-snacks-gear-t1406984/,0,false,
private-fishing-trip-off-protaras-1189661,1189661,Private fishing trip off Protaras,"About 4 h, from Ayia Napa. Takes in Protaras. Includes hotel pickup, turtle spotting and swim stops. Private for up to 6 guests. Price level €€€€ per group (up to 6 guests).",boat,pickup;private;half-day,famagusta,Ayia Napa,,34.9893,33.9962,town,240,4 h,€€€€,group,6,https://www.getyourguide.com/protaras-l132513/gold-coast-protaras-fishing-swimming-with-turtles-t1189661/,0,false,
private-fishing-trip-off-protaras-798962,798962,Private fishing trip off Protaras,"About 2–4 h, from Protaras. Private for up to 15 guests. Price level €€€€ per group (up to 15 guests).",boat,private;short,famagusta,Protaras,Blue Lagoon (Cape Greco),34.9662,34.0798,landmark,120,2–4 h,€€€€,group,15,https://www.getyourguide.com/ayia-napa-l124743/protaras-private-boat-tour-with-fishing-t798962/,0,false,
private-sunrise-speedboat-trip-along-the-protaras-coast-with-1265294,1265294,Private sunrise speedboat trip along the Protaras coast with snorkelling,"About 2–3 h, from Protaras. Includes snorkelling. Private for up to 9 guests. Price level €€€€ per group (up to 9 guests).",boat,private;sunrise;short,famagusta,Protaras,Green Bay,34.9996,34.0666,landmark,120,2–3 h,€€€€,group,9,https://www.getyourguide.com/protaras-l132513/protaras-private-sunrise-speedboat-trip-with-snorkeling-t1265294/,0,false,
self-drive-boat-hire-1316225,1316225,Self-drive boat hire,"About 6 h, from Protaras. Private for up to 6 guests. Price level €€€€ per group (up to 6 guests).",boat,private;full-day,famagusta,Protaras,,35.0149,34.0531,town,360,6 h,€€€€,group,6,https://www.getyourguide.com/protaras-l132513/protaras-premium-private-boat-rental-t1316225/,0,false,
sunset-boat-trip-to-the-blue-lagoon-with-drinks-489603,489603,Sunset boat trip to the Blue Lagoon with drinks,"About 3 h, from Protaras. Takes in the Blue Lagoon. Includes drinks. Price level € per person.",boat,sunset;half-day,famagusta,Protaras,Blue Lagoon (Cape Greco),34.9662,34.0798,landmark,180,3 h,€,person,,https://www.getyourguide.com/pernera-l191294/protaras-blue-lagoon-sunset-tour-with-pizza-champagne-t489603/,0,false,
sunset-catamaran-cruise-along-the-ayia-napa-coast-with-dinner-1232510,1232510,Sunset catamaran cruise along the Ayia Napa coast with dinner & open bar,"About 4.5–5.5 h, from Ayia Napa. Includes hotel pickup, a meal and open bar. Price level €€ per person.",boat,pickup;meal;sunset;half-day,famagusta,Ayia Napa,Cape Greco,34.96,34.0838,landmark,270,4.5–5.5 h,€€,person,,https://www.getyourguide.com/protaras-l132513/protaras-sunset-catamaran-cruise-with-open-bar-and-buffet-t1232510/,0,false,
sunset-cruise-along-the-ayia-napa-coast-with-dinner-614046,614046,Sunset cruise along the Ayia Napa coast with dinner,"About 4 h, from Ayia Napa. Includes hotel pickup and a meal. Price level €€€ per person.",boat,pickup;meal;sunset;half-day,famagusta,Ayia Napa,Blue Lagoon (Cape Greco),34.9662,34.0798,landmark,240,4 h,€€€,person,,https://www.getyourguide.com/limassol-l32399/sunset-vip-cruise-from-ayia-napa-t614046/,0,false,
sunset-cruise-along-the-protaras-and-ayia-napa-coast-with-dinner-493977,493977,Sunset cruise along the Protaras & Ayia Napa coast with dinner,"About 4 h, from Ayia Napa. Takes in Protaras. Includes hotel pickup and a meal. Price level €€ per person.",boat,pickup;meal;sunset;half-day,famagusta,Ayia Napa,Blue Lagoon (Cape Greco),34.9662,34.0798,landmark,240,4 h,€€,person,,https://www.getyourguide.com/ayia-napa-l124743/aerosa-sunset-t493977/,0,false,
sunset-cruise-along-the-protaras-coast-1396345,1396345,Sunset cruise along the Protaras coast,"About 3 h, from Protaras. Price level € per person.",boat,sunset;half-day,famagusta,Protaras,Blue Lagoon (Cape Greco),34.9662,34.0798,landmark,180,3 h,€,person,,https://www.getyourguide.com/ayia-napa-l124743/protaras-sunset-cruise-t1396345/,0,false,
sunset-cruise-to-turtle-cove-and-the-blue-lagoon-440517,440517,Sunset cruise to Turtle Cove & the Blue Lagoon,"About 3 h, from Protaras. Takes in Turtle Cove and the Blue Lagoon. Price level €€ per person.",boat,sunset;half-day,famagusta,Protaras,Turtle Cove,34.972,34.048,landmark,180,3 h,€€,person,,https://www.getyourguide.com/protaras-l132513/protaras-turtle-cove-blue-lagoon-sunset-cruise-t440517/,0,false,
sunset-yacht-charter-along-the-ayia-napa-coast-1311428,1311428,Sunset yacht charter along the Ayia Napa coast,"About 4 h, from Ayia Napa. Private for up to 12 guests. Price level €€€€ per group (up to 12 guests).",boat,private;sunset;half-day,famagusta,Ayia Napa,Ayia Napa sea caves,34.9684,34.0546,landmark,240,4 h,€€€€,group,12,https://www.getyourguide.com/ayia-napa-l124743/ayia-napa-sunset-tour-on-a-private-yacht-t1311428/,0,false,
sunset-yacht-cruise-along-the-protaras-coast-with-bbq-and-drinks-485872,485872,Sunset yacht cruise along the Protaras coast with BBQ & drinks,"About 3.5–5 h, from Protaras. Includes hotel pickup, a meal, drinks and water slide. Price level €€ per person.",boat,pickup;meal;sunset;half-day,famagusta,Protaras,Blue Lagoon (Cape Greco),34.9662,34.0798,landmark,210,3.5–5 h,€€,person,,https://www.getyourguide.com/ayia-napa-l124743/protaras-luxury-yacht-huge-slide-sunset-bbq-1-drink-t485872/,0,false,
yacht-charter-along-the-ayia-napa-coast-1410359,1410359,Yacht charter along the Ayia Napa coast,"About 4 h, from Ayia Napa. Private for up to 11 guests. Price level €€€€ per group (up to 11 guests).",boat,private;half-day,famagusta,Ayia Napa,Blue Lagoon (Cape Greco),34.9662,34.0798,landmark,240,4 h,€€€€,group,11,https://www.getyourguide.com/ayia-napa-l124743/ayia-napa-private-yacht-cruise-for-groups-celebrations-t1410359/,0,false,
yacht-charter-along-the-ayia-napa-coast-with-open-bar-1165750,1165750,Yacht charter along the Ayia Napa coast with open bar,"About 2–6 h, from Ayia Napa. Includes open bar. Private for up to 11 guests. Price level €€€€ per group (up to 11 guests).",boat,private;short,famagusta,Ayia Napa,Blue Lagoon (Cape Greco),34.9662,34.0798,landmark,120,2–6 h,€€€€,group,11,https://www.getyourguide.com/ayia-napa-l124743/ayia-napaprotaras-private-yacht-with-unlimited-drinks-t1165750/,0,false,
yacht-charter-along-the-protaras-coast-1478441,1478441,Yacht charter along the Protaras coast,"About 4 h, from Protaras. Private for up to 10 guests. Price level €€€€ per group (up to 10 guests).",boat,private;half-day,famagusta,Protaras,Green Bay,34.9996,34.0666,landmark,240,4 h,€€€€,group,10,https://www.getyourguide.com/ayia-napa-l124743/protaras-riviera-private-yacht-charter-with-captain-t1478441/,0,false,
yacht-charter-along-the-protaras-coast-with-lunch-1486421,1486421,Yacht charter along the Protaras coast with lunch,"About 7 h, from Protaras. Includes a meal. Private for up to 10 guests. Price level €€€€ per group (up to 10 guests).",boat,meal;private;full-day,famagusta,Protaras,Green Bay,34.9996,34.0666,landmark,420,7 h,€€€€,group,10,https://www.getyourguide.com/ayia-napa-l124743/protaras-riviera-private-yacht-charter-with-captain-7-hours-t1486421/,0,false,
yacht-cruise-along-the-protaras-coast-with-bbq-and-water-slide-459361,459361,Yacht cruise along the Protaras coast with BBQ & water slide,"From Protaras. Includes a meal, water slide and turtle spotting. Price level €€ per person.",boat,meal,famagusta,Protaras,Cape Greco,34.96,34.0838,landmark,,,€€,person,,https://www.getyourguide.com/ayia-napa-l124743/protaras-dream-luxury-yacht-with-slide-bbq-lunch-1-drink-t459361/,0,false,
yacht-cruise-to-turtle-cove-and-the-blue-lagoon-1276823,1276823,Yacht cruise to Turtle Cove & the Blue Lagoon,"About 4–5 h, from Ayia Napa. Takes in Turtle Cove and the Blue Lagoon. Includes hotel pickup. Small group. Price level €€€ per person.",boat,pickup;small-group;half-day,famagusta,Ayia Napa,Turtle Cove,34.972,34.048,landmark,240,4–5 h,€€€,person,,https://www.getyourguide.com/protaras-l132513/ayia-napaprotaras-yacht-tour-to-turtle-bay-and-blue-lagoon-t1276823/,0,false,
private-holiday-photoshoot-with-a-pro-photographer-in-ayia-napa-981654,981654,Private holiday photoshoot with a pro photographer in Ayia Napa (1 h),"About 1 h, from Ayia Napa. Private for up to 5 guests. Price level €€€€ per group (up to 5 guests).",classes,private;short,famagusta,Ayia Napa,,34.9893,33.9962,town,60,1 h,€€€€,group,5,https://www.getyourguide.com/paphos-l426/cyprus-private-photo-session-with-professional-photographer-t981654/,0,false,
private-holiday-photoshoot-with-a-pro-photographer-in-ayia-napa-817523,817523,Private holiday photoshoot with a pro photographer in Ayia Napa (1–3 h),"About 1–3 h, from Ayia Napa. Private for up to 8 guests. Price level €€€€ per group (up to 8 guests).",classes,private;short,famagusta,Ayia Napa,Konnos Bay,34.984,34.0703,landmark,60,1–3 h,€€€€,group,8,https://www.getyourguide.com/ayia-napa-l124743/ayia-napa-photo-shoot-with-a-private-vacation-photographer-t817523/,0,false,
private-holiday-photoshoot-with-a-pro-photographer-in-ayia-napa-1101479,1101479,Private holiday photoshoot with a pro photographer in Ayia Napa (2.5 h),"About 2.5 h, from Ayia Napa. Includes hotel pickup. Private. Price level €€€ per person.",classes,pickup;private;short,famagusta,Ayia Napa,Nissi Beach,34.9875,33.9678,landmark,150,2.5 h,€€€,person,,https://www.getyourguide.com/ayia-napa-l124743/cyprus-professional-photoshoot-with-photographer-t1101479/,0,false,
sunset-hike-and-yoga-at-cape-greco-1483468,1483468,Sunset hike & yoga at Cape Greco,"About 3 h, from Ayia Napa. Takes in Cape Greco. Price level €€ per person.",classes,sunset;half-day,famagusta,Ayia Napa,Cape Greco,34.96,34.0838,landmark,180,3 h,€€,person,,https://www.getyourguide.com/ayia-napa-l124743/ayia-napa-cape-greco-sunset-hike-and-yoga-experience-t1483468/,0,false,
wedding-and-event-photographer-1037666,1037666,Wedding & event photographer,"About 5 h, from Ayia Napa. Private for up to 50 guests. Price level €€€€ per group (up to 50 guests).",classes,private;half-day,famagusta,Ayia Napa,,34.9893,33.9962,town,300,5 h,€€€€,group,50,https://www.getyourguide.com/paphos-l426/cyprus-destination-weddings-photographer-t1037666/,0,false,
day-trip-ancient-kourion-and-paphos-95814,95814,Day trip: Ancient Kourion & Paphos,"About 10 h, from Ayia Napa. Takes in Ancient Kourion and Paphos. Includes hotel pickup. Price level €€ per person.",culture,pickup;full-day,famagusta,Ayia Napa,,34.9893,33.9962,town,600,10 h,€€,person,,https://www.getyourguide.com/famagusta-l32234/west-cyprus-tour-from-ayia-napa-t95814/,0,false,
day-trip-fikardou-machairas-monastery-and-lefkara-459969,459969,"Day trip: Fikardou, Machairas Monastery & Lefkara","About 8 h, from Ayia Napa. Takes in Machairas Monastery and Lefkara. Includes hotel pickup and a meal. Price level €€€ per person.",culture,pickup;meal;full-day,famagusta,Ayia Napa,,34.9893,33.9962,town,480,8 h,€€€,person,,https://www.getyourguide.com/ayia-napa-l124743/fikardou-machairas-lefkara-tour-with-a-local-guide-t459969/,0,false,
day-trip-nicosia-95514,95514,Day trip: Nicosia,"About 10 h, from Ayia Napa. Takes in Nicosia. Includes hotel pickup. Price level €€ per person.",culture,pickup;full-day,famagusta,Ayia Napa,,34.9893,33.9962,town,600,10 h,€€,person,,https://www.getyourguide.com/ayia-napa-l124743/from-ayia-napaprotaras-walking-tour-of-nicosia-t95514/,0,false,
day-trip-nicosia-and-kyrenia-polish-speaking-guide-893755,893755,Day trip: Nicosia & Kyrenia (Polish-speaking guide),"About 8 h, from Ayia Napa. Takes in Nicosia and Kyrenia. Includes hotel pickup. Polish-speaking guide. Price level €€ per person.",culture,pickup;full-day;guide-polish,famagusta,Ayia Napa,,34.9893,33.9962,town,480,8 h,€€,person,,https://www.getyourguide.com/ayia-napa-l124743/from-ayia-napa-tales-of-two-cities-nicosia-kyrenia-polish-t893755/,0,true,Kyrenia
day-trip-nicosia-and-lefkara-655780,655780,Day trip: Nicosia & Lefkara,"About 8 h, from Ayia Napa. Takes in Nicosia and Lefkara. Includes hotel pickup. Price level €€ per person.",culture,pickup;full-day,famagusta,Ayia Napa,,34.9893,33.9962,town,480,8 h,€€,person,,https://www.getyourguide.com/nicosia-l415/nicosia-and-larnaka-tour-from-ayia-napaprotaraslarnaka-t655780/,0,true,Bellapais
day-trip-paphos-and-ancient-kourion-333141,333141,Day trip: Paphos & Ancient Kourion,"About 10 h, from Ayia Napa. Takes in Paphos and Ancient Kourion. Includes hotel pickup and a meal. Price level €€ per person.",culture,pickup;meal;full-day,famagusta,Ayia Napa,,34.9893,33.9962,town,600,10 h,€€,person,,https://www.getyourguide.com/famagusta-l32234/from-ayia-napaprotaraslarnaca-paphos-and-kourion-day-trip-t333141/,0,false,
day-trip-paphos-and-ancient-kourion-polish-speaking-guide-618559,618559,Day trip: Paphos & Ancient Kourion (Polish-speaking guide),"About 8 h, from Ayia Napa. Takes in Paphos and Ancient Kourion. Includes hotel pickup. Polish-speaking guide. Price level €€ per person.",culture,pickup;full-day;guide-polish,famagusta,Ayia Napa,,34.9893,33.9962,town,480,8 h,€€,person,,https://www.getyourguide.com/ayia-napa-l124743/from-ayia-napaprotaraslarnaca-paphos-kourion-in-polish-t618559/,0,false,
day-trip-salamis-and-famagusta-old-town-10-95538,95538,Day trip: Salamis & Famagusta old town (10 h),"About 10 h, from Ayia Napa. Takes in Salamis and Famagusta old town. Includes hotel pickup. Price level €€ per person.",culture,pickup;full-day,famagusta,Ayia Napa,,34.9893,33.9962,town,600,10 h,€€,person,,https://www.getyourguide.com/ayia-napa-l124743/from-ayia-napa-and-protaras-discover-famagusta-t95538/,0,true,Salamis
day-trip-salamis-and-famagusta-old-town-8-365825,365825,Day trip: Salamis & Famagusta old town (8 h),"About 8 h, from Ayia Napa. Takes in Salamis and Famagusta old town. Includes hotel pickup. Price level €€ per person.",culture,pickup;full-day,famagusta,Ayia Napa,,34.9893,33.9962,town,480,8 h,€€,person,,https://www.getyourguide.com/kakopetria-l127703/famagusta-and-salamis-tour-from-ayia-napaprotaraslarnaka-t365825/,0,true,Salamis
day-trip-salamis-and-famagusta-old-town-polish-speaking-guide-618365,618365,Day trip: Salamis & Famagusta old town (Polish-speaking guide),"About 8 h, from Ayia Napa. Takes in Salamis and Famagusta old town. Includes hotel pickup. Polish-speaking guide. Price level €€ per person.",culture,pickup;full-day;guide-polish,famagusta,Ayia Napa,,34.9893,33.9962,town,480,8 h,€€,person,,https://www.getyourguide.com/larnaca-l1587/famagusta-salamis-with-a-polish-speaking-guide-t618365/,0,true,Salamis
day-trip-salamis-varosha-and-famagusta-old-town-520154,520154,"Day trip: Salamis, Varosha & Famagusta old town","About 6 h, from Ayia Napa. Takes in Salamis, Varosha and Famagusta old town. Includes hotel pickup. Small group. Price level €€€ per person.",culture,pickup;small-group;full-day,famagusta,Ayia Napa,,34.9893,33.9962,town,360,6 h,€€€,person,,https://www.getyourguide.com/famagusta-l32234/famagusta-and-salamis-or-ghosttown-with-a-private-guide-t520154/,0,true,Salamis
day-trip-varosha-and-famagusta-old-town-6-1304298,1304298,Day trip: Varosha & Famagusta old town (6 h),"About 6 h, from Ayia Napa. Takes in Varosha and Famagusta old town. Includes hotel pickup. Price level €€ per person.",culture,pickup;full-day,famagusta,Ayia Napa,,34.9893,33.9962,town,360,6 h,€€,person,,https://www.getyourguide.com/protaras-l132513/mr-john-3-in-1-dividing-line-varosha-famagusta-city-tour-t1304298/,0,true,Varosha
day-trip-varosha-and-famagusta-old-town-7-1229150,1229150,Day trip: Varosha & Famagusta old town (7 h),"About 7 h, from Ayia Napa. Takes in Varosha and Famagusta old town. Includes hotel pickup. Price level €€ per person.",culture,pickup;full-day,famagusta,Ayia Napa,,34.9893,33.9962,town,420,7 h,€€,person,,https://www.getyourguide.com/famagusta-l32234/famagusta-varosha-red-villages-tour-t1229150/,0,true,Varosha
folklore-and-history-half-day-trip-1366967,1366967,Folklore & history half-day trip,"About 4 h, from Ayia Napa. Includes hotel pickup. Small group. Price level €€ per person.",culture,pickup;small-group;half-day,famagusta,Ayia Napa,,34.9893,33.9962,town,240,4 h,€€,person,,https://www.getyourguide.com/europe-l207848/sotira-secrets-historical-tour-coffee-symbolism-tradition-t1366967/,0,false,
half-day-tour-famagusta-old-town-787347,787347,Half-day tour: Famagusta old town,"About 5 h, from Ayia Napa. Takes in Famagusta old town. Includes hotel pickup. Price level €€ per person.",culture,pickup;half-day,famagusta,Ayia Napa,,34.9893,33.9962,town,300,5 h,€€,person,,https://www.getyourguide.com/ayia-napa-l124743/from-ayia-napa-famagusta-salamis-full-day-tour-t787347/,0,true,Othello
half-day-tour-varosha-904097,904097,Half-day tour: Varosha,"About 4 h, from Ayia Napa. Takes in Varosha. Includes hotel pickup. Price level €€ per person.",culture,pickup;half-day,famagusta,Ayia Napa,,34.9893,33.9962,town,240,4 h,€€,person,,https://www.getyourguide.com/protaras-l132513/from-aya-napaprotaras-varosha-ghost-town-tour-on-a-red-bus-t904097/,0,true,Varosha
half-day-tour-varosha-and-famagusta-old-town-4-1303967,1303967,Half-day tour: Varosha & Famagusta old town (4 h),"About 4 h, from Ayia Napa. Takes in Varosha and Famagusta old town. Includes hotel pickup. Price level €€ per person.",culture,pickup;half-day,famagusta,Ayia Napa,,34.9893,33.9962,town,240,4 h,€€,person,,https://www.getyourguide.com/protaras-l132513/ayia-napa-famagusta-ghost-town-tour-by-mr-john-t1303967/,0,true,Ghost Town
half-day-tour-varosha-and-famagusta-old-town-4-5-192980,192980,Half-day tour: Varosha & Famagusta old town (4.5 h),"About 4.5 h, from Ayia Napa. Takes in Varosha and Famagusta old town. Includes hotel pickup. Small group. Price level €€ per person.",culture,pickup;small-group;half-day,famagusta,Ayia Napa,,34.9893,33.9962,town,270,4.5 h,€€,person,,https://www.getyourguide.com/ayia-napa-l124743/from-ayia-napa-ghost-town-famagusta-tour-t192980/,0,true,Ghost-Town
half-day-tour-varosha-and-famagusta-old-town-4-5-1175602,1175602,Half-day tour: Varosha & Famagusta old town (4.5 h),"About 4.5 h, from Ayia Napa. Takes in Varosha and Famagusta old town. Includes hotel pickup. Small group. Price level €€€ per person.",culture,pickup;small-group;half-day,famagusta,Ayia Napa,,34.9893,33.9962,town,270,4.5 h,€€€,person,,https://www.getyourguide.com/famagusta-l32234/varosha-famagusta-a-historical-and-cultural-overview-t1175602/,0,true,Ghost Town
private-half-day-tour-varosha-1276624,1276624,Private half-day tour: Varosha,"About 2.5 h, from Protaras. Takes in Varosha. Includes hotel pickup. Private for up to 4 guests. Price level €€€€ per group (up to 4 guests).",culture,pickup;private;short,famagusta,Protaras,,35.0149,34.0531,town,150,2.5 h,€€€€,group,4,https://www.getyourguide.com/varosha-l177928/from-protaras-or-ayia-napa-private-varosha-ghost-town-tour-t1276624/,0,true,Varosha
private-walk-around-lefkara-village-and-lake-204589,204589,Private walk around Lefkara village & lake,"About 6–8 h, from Ayia Napa. Takes in Lefkara. Includes hotel pickup. Private for up to 2 guests. Price level €€€€ per group (up to 2 guests).",culture,pickup;private;full-day,famagusta,Ayia Napa,,34.9893,33.9962,town,360,6–8 h,€€€€,group,2,https://www.getyourguide.com/larnaca-l1587/walk-around-pano-lefkara-village-and-lefkara-lake-t204589/,0,false,
village-tour-by-vintage-red-bus-1276970,1276970,Village tour by vintage red bus,"About 3 h, from Protaras. Includes hotel pickup. Price level € per person.",culture,pickup;half-day,famagusta,Protaras,,35.0149,34.0531,town,180,3 h,€,person,,https://www.getyourguide.com/frenaros-l246827/ayia-napa-the-original-red-bus-village-tour-t1276970/,0,false,
guided-dive-for-certified-divers-at-cape-greco-445828,445828,Guided dive for certified divers at Cape Greco,"About 3 h, from Protaras. Takes in Cape Greco. Includes hotel pickup. Small group, certified divers only. Price level €€ per person.",diving,pickup;small-group;certified-divers;half-day,famagusta,Protaras,Cape Greco,34.96,34.0838,landmark,180,3 h,€€,person,,https://www.getyourguide.com/protaras-l132513/protaras-single-dive-for-qualified-divers-t445828/,0,false,
guided-dive-for-certified-divers-at-cape-greco-and-the-sea-caves-1387542,1387542,Guided dive for certified divers at Cape Greco & the sea caves,"About 2.5 h, from Ayia Napa. Takes in Cape Greco and the sea caves. Small group, certified divers only. Price level €€€ per person.",diving,small-group;certified-divers;short,famagusta,Ayia Napa,Cape Greco,34.96,34.0838,landmark,150,2.5 h,€€€,person,,https://www.getyourguide.com/caves-cavo-greco-l211008/ayia-napa-cape-greco-caves-guided-scuba-dive-for-divers-t1387542/,0,false,
guided-dive-for-certified-divers-at-the-musan-underwater-museum-1276008,1276008,Guided dive for certified divers at the MUSAN underwater museum,"About 3 h, from Protaras. Takes in the MUSAN underwater museum. Includes hotel pickup. Small group, certified divers only. Price level €€ per person.",diving,pickup;small-group;certified-divers;half-day,famagusta,Protaras,MUSAN underwater museum,34.9826,33.9839,landmark,180,3 h,€€,person,,https://www.getyourguide.com/protaras-l132513/protaras-musan-underwater-museum-guided-dive-for-divers-t1276008/,0,false,
guided-scuba-dive-at-cape-greco-and-the-sea-caves-1290575,1290575,Guided scuba dive at Cape Greco & the sea caves,"About 2 h, from Protaras. Takes in Cape Greco and the sea caves. Includes hotel pickup. Small group. Price level €€ per person.",diving,pickup;small-group;short,famagusta,Protaras,Cape Greco,34.96,34.0838,landmark,120,2 h,€€,person,,https://www.getyourguide.com/protaras-l132513/cyprus-cavo-greco-sea-caves-scuba-diving-experience-t1290575/,0,false,
guided-scuba-dive-at-the-musan-underwater-museum-1213835,1213835,Guided scuba dive at the MUSAN underwater museum,"About 3 h, from Protaras. Takes in the MUSAN underwater museum. Includes hotel pickup. Small group. Price level €€€ per person.",diving,pickup;small-group;half-day,famagusta,Protaras,MUSAN underwater museum,34.9826,33.9839,landmark,180,3 h,€€€,person,,https://www.getyourguide.com/protaras-l132513/musan-underwater-museum-scuba-diving-tour-cyprus-t1213835/,0,false,
kids-bubblemaker-dive-413933,413933,Kids' Bubblemaker dive,"About 3 h, from Protaras. Includes hotel pickup. Small group, good for families, no experience needed. Price level €€ per person.",diving,pickup;small-group;family;beginners;half-day,famagusta,Protaras,,35.0149,34.0531,town,180,3 h,€€,person,,https://www.getyourguide.com/protaras-l132513/protaras-bubblemaker-diving-course-2-meter-dive-t413933/,0,false,
private-guided-dive-for-certified-divers-at-the-sea-caves-and-583993,583993,Private guided dive for certified divers at the sea caves & Cape Greco,"About 2.5 h, from Ayia Napa. Takes in the sea caves and Cape Greco. Includes hotel pickup. Private. Price level €€€ per person.",diving,pickup;private;short,famagusta,Ayia Napa,Ayia Napa sea caves,34.9684,34.0546,landmark,150,2.5 h,€€€,person,,https://www.getyourguide.com/ayia-napa-l124743/scuba-diving-tunnels-caves-cape-greco-private-guided-t583993/,0,false,
private-guided-scuba-dive-at-cyclops-cave-1208910,1208910,Private guided scuba dive at Cyclops Cave,"About 2.5 h, from Ayia Napa. Takes in Cyclops Cave. Includes hotel pickup. Private. Price level €€€ per person.",diving,pickup;private;short,famagusta,Ayia Napa,Cyclops Cave,34.9865,34.0765,landmark,150,2.5 h,€€€,person,,https://www.getyourguide.com/larnaca-l1587/cyprus-cyclops-wall-private-dive-with-hotel-pickup-t1208910/,0,false,
private-guided-scuba-dive-at-the-musan-underwater-museum-510235,510235,Private guided scuba dive at the MUSAN underwater museum,"About 2.5 h, from Oroklini. Takes in the MUSAN underwater museum. Includes hotel pickup. Private, good for families. Price level €€€ per person.",diving,pickup;private;family;short,famagusta,Oroklini,MUSAN underwater museum,34.9826,33.9839,landmark,150,2.5 h,€€€,person,,https://www.getyourguide.com/ayia-napa-l124743/musan-underwater-museum-scuba-dive-beginners-possible-t510235/,0,false,
private-open-water-diver-course-1324782,1324782,Private Open Water diver course,"2 days, from Protaras. Includes hotel pickup. Private. Price level €€€€ per person.",diving,pickup;private;multi-day,famagusta,Protaras,MUSAN underwater museum,34.9826,33.9839,landmark,2880,2 days,€€€€,person,,https://www.getyourguide.com/protaras-l132513/open-water-diver-course-with-private-instructor-in-cyprus-t1324782/,0,false,
private-try-dive-for-beginners-1319754,1319754,Private try-dive for beginners,"About 2.5 h, from Protaras. Includes hotel pickup. Private, no experience needed. Price level €€€ per person.",diving,pickup;private;beginners;short,famagusta,Protaras,Green Bay,34.9996,34.0666,landmark,150,2.5 h,€€€,person,,https://www.getyourguide.com/protaras-l132513/protaras-discover-scuba-diving-experience-with-pickup-t1319754/,0,false,
private-try-dive-for-beginners-at-green-bay-1080152,1080152,Private try-dive for beginners at Green Bay,"About 2.5 h, from Ayia Napa. Takes in Green Bay. Includes hotel pickup. Private, no experience needed. Price level €€€ per person.",diving,pickup;private;beginners;short,famagusta,Ayia Napa,Green Bay,34.9996,34.0666,landmark,150,2.5 h,€€€,person,,https://www.getyourguide.com/protaras-l132513/green-bay-private-scuba-diving-adventure-t1080152/,0,false,
private-try-dive-for-beginners-at-the-musan-underwater-museum-905593,905593,Private try-dive for beginners at the MUSAN underwater museum,"About 2.5 h, from Ayia Napa. Takes in the MUSAN underwater museum. Private, no experience needed. Price level €€€ per person.",diving,private;beginners;short,famagusta,Ayia Napa,MUSAN underwater museum,34.9826,33.9839,landmark,150,2.5 h,€€€,person,,https://www.getyourguide.com/ayia-napa-l124743/ayia-napa-musan-museum-discover-scuba-diving-experience-t905593/,0,false,
sea-scooter-snorkel-trip-975099,975099,Sea-scooter snorkel trip,"About 3 h, from Paralimni. Includes hotel pickup. Small group. Price level €€€ per person.",diving,pickup;small-group;half-day,famagusta,Paralimni,,35.0391,33.9828,town,180,3 h,€€€,person,,https://www.getyourguide.com/nicosia-district-l2199/paralimni-undersea-scooters-t975099/,0,false,
snorkelling-trip-a-protaras-bay-or-the-musan-underwater-museum-1195273,1195273,Snorkelling trip: a Protaras bay or the MUSAN underwater museum,"About 2.5 h, from Ayia Napa. Takes in Protaras and the MUSAN underwater museum. Includes hotel pickup. Small group. Price level €€ per person.",diving,pickup;small-group;short,famagusta,Ayia Napa,MUSAN underwater museum,34.9826,33.9839,landmark,150,2.5 h,€€,person,,https://www.getyourguide.com/protaras-l132513/protaras-green-bay-snorkeling-or-musan-boat-trip-t1195273/,0,false,
try-dive-for-beginners-779449,779449,Try-dive for beginners,"About 3 h, from Ayia Napa. Includes hotel pickup. Small group, no experience needed. Price level €€€ per person.",diving,pickup;small-group;beginners;half-day,famagusta,Ayia Napa,Green Bay,34.9996,34.0666,landmark,180,3 h,€€€,person,,https://www.getyourguide.com/protaras-l132513/discover-scuba-diving-experience-t779449/,0,false,
try-dive-for-beginners-1271564,1271564,Try-dive for beginners,"About 3 h, from Paralimni. Includes hotel pickup. Small group, no experience needed. Price level €€€ per person.",diving,pickup;small-group;beginners;half-day,famagusta,Paralimni,Green Bay,34.9996,34.0666,landmark,180,3 h,€€€,person,,https://www.getyourguide.com/protaras-l132513/paralimni-protaras-scuba-diving-for-beginners-best-place-t1271564/,0,false,
try-dive-for-beginners-3-582788,582788,Try-dive for beginners (3 h),"About 3 h, from Protaras. Includes hotel pickup. Small group, no experience needed. Price level €€€ per person.",diving,pickup;small-group;beginners;half-day,famagusta,Protaras,Green Bay,34.9996,34.0666,landmark,180,3 h,€€€,person,,https://www.getyourguide.com/protaras-l132513/protaras-discover-scuba-diving-for-beginners-t582788/,0,false,
try-dive-for-beginners-3-413815,413815,Try-dive for beginners (3 h),"About 3 h, from Protaras. Includes hotel pickup. Small group, no experience needed. Price level €€ per person.",diving,pickup;small-group;beginners;half-day,famagusta,Protaras,,35.0149,34.0531,town,180,3 h,€€,person,,https://www.getyourguide.com/protaras-l132513/protaras-scuba-diving-introduction-dive-t413815/,0,false,
try-dive-for-beginners-3-1390707,1390707,Try-dive for beginners (3 h),"About 3 h, from Protaras. Small group, no experience needed. Price level €€€ per person.",diving,small-group;beginners;half-day,famagusta,Protaras,Green Bay,34.9996,34.0666,landmark,180,3 h,€€€,person,,https://www.getyourguide.com/protaras-l132513/protaras-discover-scuba-diving-for-beginners-t1390707/,0,false,
try-dive-for-beginners-3-5-5-1171004,1171004,Try-dive for beginners (3.5–5 h),"About 3.5–5 h, from Protaras. Includes hotel pickup. No experience needed. Price level €€€ per person.",diving,pickup;beginners;half-day,famagusta,Protaras,Green Bay,34.9996,34.0666,landmark,210,3.5–5 h,€€€,person,,https://www.getyourguide.com/protaras-l132513/cyprus-discover-scuba-diving-experience-for-beginners-t1171004/,0,false,
try-dive-for-beginners-at-green-bay-474990,474990,Try-dive for beginners at Green Bay,"About 2.5 h, from Ayia Napa. Takes in Green Bay. Includes hotel pickup. Small group, no experience needed. Price level €€€ per person.",diving,pickup;small-group;beginners;short,famagusta,Ayia Napa,Green Bay,34.9996,34.0666,landmark,150,2.5 h,€€€,person,,https://www.getyourguide.com/protaras-l132513/scuba-diving-private-and-individual-no-certification-needed-t474990/,0,false,
try-dive-for-beginners-at-the-musan-underwater-museum-2-dives-6-1175880,1175880,"Try-dive for beginners at the MUSAN underwater museum (2 dives, 6 h)","About 6 h, from Ayia Napa. Takes in the MUSAN underwater museum. Includes hotel pickup. No experience needed. Price level €€€ per person.",diving,pickup;beginners;full-day,famagusta,Ayia Napa,MUSAN underwater museum,34.9826,33.9839,landmark,360,6 h,€€€,person,,https://www.getyourguide.com/ayia-napa-l124743/ayia-napa-musan-dives-for-certified-divers-t1175880/,0,false,
try-dive-for-beginners-at-the-musan-underwater-museum-2-dives-8-1276830,1276830,"Try-dive for beginners at the MUSAN underwater museum (2 dives, 8 h)","About 8 h, from Ayia Napa. Takes in the MUSAN underwater museum. Includes hotel pickup. No experience needed. Price level €€€ per person.",diving,pickup;beginners;full-day,famagusta,Ayia Napa,MUSAN underwater museum,34.9826,33.9839,landmark,480,8 h,€€€,person,,https://www.getyourguide.com/protaras-l132513/cyprus-blue-bay-and-underwater-museum-diving-tour-t1276830/,0,false,
try-dive-for-beginners-at-the-musan-underwater-museum-3-1265074,1265074,Try-dive for beginners at the MUSAN underwater museum (3 h),"About 3 h, from Ayia Napa. Takes in the MUSAN underwater museum. Includes hotel pickup. Small group, no experience needed. Price level €€€ per person.",diving,pickup;small-group;beginners;half-day,famagusta,Ayia Napa,MUSAN underwater museum,34.9826,33.9839,landmark,180,3 h,€€€,person,,https://www.getyourguide.com/musan-underwater-sculpture-l192797/ayia-napa-musan-underwater-museum-beginner-scuba-dive-t1265074/,0,false,
try-dive-for-beginners-at-the-musan-underwater-museum-6-858029,858029,Try-dive for beginners at the MUSAN underwater museum (6 h),"About 6 h, from Ayia Napa. Takes in the MUSAN underwater museum. Includes hotel pickup. Small group, no experience needed. Price level €€€ per person.",diving,pickup;small-group;beginners;full-day,famagusta,Ayia Napa,MUSAN underwater museum,34.9826,33.9839,landmark,360,6 h,€€€,person,,https://www.getyourguide.com/ayia-napa-l124743/ayia-napa-introduction-musan-museum-dive-t858029/,0,false,
try-dive-for-beginners-at-turtle-cove-986508,986508,Try-dive for beginners at Turtle Cove,"About 5 h, from Protaras. Takes in Turtle Cove. Includes hotel pickup. Small group, no experience needed. Price level €€€ per person.",diving,pickup;small-group;beginners;half-day,famagusta,Protaras,Turtle Cove,34.972,34.048,landmark,300,5 h,€€€,person,,https://www.getyourguide.com/protaras-l132513/protaras-turtle-bay-introduction-and-safari-dive-combo-t986508/,0,false,
underwater-helmet-walk-915929,915929,Underwater helmet walk,"About 3 h, from Paralimni. Includes hotel pickup. Price level €€ per person.",diving,pickup;half-day,famagusta,Paralimni,,35.0391,33.9828,town,180,3 h,€€,person,,https://www.getyourguide.com/paralimni-l169956/paralimni-underwater-helmet-experience-t915929/,0,false,
brewery-visit-and-cypriot-food-1027135,1027135,Brewery visit & Cypriot food,"About 5 h, from Paralimni. Takes in Ayia Napa. Includes hotel pickup. Price level €€€ per person.",food,pickup;half-day,famagusta,Paralimni,,35.0391,33.9828,town,300,5 h,€€€,person,,https://www.getyourguide.com/ayia-napa-l124743/ammochostos-vip-craft-brewery-tasting-cypriot-food-trip-t1027135/,0,false,
cocktail-making-class-1401224,1401224,Cocktail-making class,"About 3 h, from Ayia Napa. Small group. Price level €€ per person.",food,small-group;half-day,famagusta,Ayia Napa,,34.9893,33.9962,town,180,3 h,€€,person,,https://www.getyourguide.com/ayia-napa-l124743/ayia-napa-cocktail-making-experience-with-pool-access-t1401224/,0,false,
painting-session-with-wine-1426124,1426124,Painting session with wine,"About 3 h, from Ayia Napa. Includes a meal. Private. Price level €€ per person.",food,meal;private;half-day,famagusta,Ayia Napa,,34.9893,33.9962,town,180,3 h,€€,person,,https://www.getyourguide.com/ayia-napa-l124743/ayia-napa-sip-and-paint-experience-with-food-and-drinks-t1426124/,0,false,
wine-tour-troodos-mountains-400548,400548,Wine tour: Troodos Mountains,"About 8.5 h, from Ayia Napa. Takes in the Troodos Mountains. Includes hotel pickup. Small group. Price level €€€ per person.",food,pickup;small-group;full-day,famagusta,Ayia Napa,,34.9893,33.9962,town,510,8.5 h,€€€,person,,https://www.getyourguide.com/ayia-napa-l124743/cyprus-troodos-mountains-villages-and-wineries-tour-t400548/,0,false,
farm-and-village-day-out-658658,658658,Farm & village day out,"About 4–7 h, from Ayia Napa. Includes hotel pickup and a meal. Good for families. Price level €€ per person.",nature,pickup;meal;family;half-day,famagusta,Ayia Napa,,34.9893,33.9962,town,240,4–7 h,€€,person,,https://www.getyourguide.com/ayia-napa-l124743/cypriot-traditions-and-donkey-adventures-t658658/,0,false,
guided-sunset-hike-cape-greco-1302796,1302796,Guided sunset hike: Cape Greco,"About 3 h, from Protaras. Takes in Cape Greco. Includes hotel pickup. Small group. Price level €€ per person.",nature,pickup;small-group;sunset;half-day,famagusta,Protaras,Cape Greco,34.96,34.0838,landmark,180,3 h,€€,person,,https://www.getyourguide.com/ayia-napa-l124743/cape-greco-hiking-tour-cyprus-scenic-sunset-guided-walk-t1302796/,0,false,
herb-gardens-and-maze-visit-696573,696573,Herb gardens & maze visit,"About 15 min, from Avgorou. Takes in CyHerbia Botanical Park. Private. Price level € per person.",nature,private;short,famagusta,Avgorou,CyHerbia Botanical Park,35.014,33.83,landmark,15,15 min,€,person,,https://www.getyourguide.com/ayia-napa-l124743/cyprus-herb-gardens-and-maze-in-cyherbia-botanical-park-t696573/,0,false,
full-day-jeep-safari-10-94473,94473,Full-day jeep safari (10 h),"About 10 h, from Ayia Napa. Includes hotel pickup. Small group. Price level €€ per person.",safari,pickup;small-group;full-day,famagusta,Ayia Napa,,34.9893,33.9962,town,600,10 h,€€,person,,https://www.getyourguide.com/ayia-napa-l124743/from-ayia-napa-enchanted-lagoon-jeep-safari-t94473/,0,false,
full-day-jeep-safari-8-9-627552,627552,Full-day jeep safari (8–9 h),"About 8–9 h, from Ayia Napa. Takes in Famagusta old town. Includes hotel pickup. Small group. Price level €€ per person.",safari,pickup;small-group;full-day,famagusta,Ayia Napa,,34.9893,33.9962,town,480,8–9 h,€€,person,,https://www.getyourguide.com/varosha-l177928/famagusta-jeep-safari-t627552/,0,true,Othello
full-day-jeep-safari-boat-trip-to-the-blue-lagoon-614658,614658,Full-day jeep safari + boat trip to the Blue Lagoon,"About 8–9 h, from Ayia Napa. Takes in the Blue Lagoon and Famagusta old town. Includes hotel pickup. Small group. Price level €€€ per person.",safari,pickup;small-group;full-day,famagusta,Ayia Napa,Blue Lagoon (Cape Greco),34.9662,34.0798,landmark,480,8–9 h,€€€,person,,https://www.getyourguide.com/ayia-napa-l124743/famagusta-blue-lagoon-jeep-safari-boat-combination-t614658/,0,true,Othello
full-day-jeep-safari-in-the-troodos-mountains-94329,94329,Full-day jeep safari in the Troodos Mountains,"About 10 h, from Ayia Napa. Takes in the Troodos Mountains. Includes hotel pickup. Price level €€€ per person.",safari,pickup;full-day,famagusta,Ayia Napa,,34.9893,33.9962,town,600,10 h,€€€,person,,https://www.getyourguide.com/ayia-napa-l124743/troodos-classic-jeep-safari-t94329/,0,false,
full-day-jeep-safari-with-lunch-330576,330576,Full-day jeep safari with lunch,"About 8.5 h, from Ayia Napa. Includes hotel pickup and a meal. Small group. Price level €€€ per person.",safari,pickup;meal;small-group;full-day,famagusta,Ayia Napa,,34.9893,33.9962,town,510,8.5 h,€€€,person,,https://www.getyourguide.com/ayia-napa-l124743/from-ayia-napa-full-day-4x4-jeep-tour-with-lunch-t330576/,0,false,
full-day-jeep-safari-with-lunch-213474,213474,Full-day jeep safari with lunch,"About 8 h, from Protaras. Includes hotel pickup and a meal. Small group. Price level €€€ per person.",safari,pickup;meal;small-group;full-day,famagusta,Protaras,,35.0149,34.0531,town,480,8 h,€€€,person,,https://www.getyourguide.com/protaras-l132513/from-protaras-full-day-grand-tour-jeep-safari-with-lunch-t213474/,0,false,
half-day-jeep-safari-414031,414031,Half-day jeep safari,"About 6 h, from Ayia Napa. Includes hotel pickup. Small group. Price level €€ per person.",safari,pickup;small-group;full-day,famagusta,Ayia Napa,,34.9893,33.9962,town,360,6 h,€€,person,,https://www.getyourguide.com/pano-lefkara-l127763/ayia-napa-local-villages-group-or-private-jeep-safari-t414031/,0,false,
half-day-jeep-safari-to-cape-greco-and-the-sea-caves-94455,94455,Half-day jeep safari to Cape Greco & the sea caves,"About 4 h, from Ayia Napa. Takes in Cape Greco and the sea caves. Includes hotel pickup. Price level €€ per person.",safari,pickup;half-day,famagusta,Ayia Napa,Cape Greco,34.96,34.0838,landmark,240,4 h,€€,person,,https://www.getyourguide.com/famagusta-l32234/from-famagusta-east-coast-national-park-cave-dwellers-tour-t94455/,0,false,
quad-bike-safari-1354238,1354238,Quad-bike safari,"About 3 h, from Ayia Napa. Includes hotel pickup. Small group. Price level €€ per person.",safari,pickup;small-group;half-day,famagusta,Ayia Napa,Cape Greco,34.96,34.0838,landmark,180,3 h,€€,person,,https://www.getyourguide.com/nicosia-district-l2199/ayia-napa-quad-bike-safari-with-hotel-pickup-t1354238/,0,false,
authentic-cyprus-day-trip-with-lunch-polish-speaking-guide-618520,618520,Authentic Cyprus day trip with lunch (Polish-speaking guide),"About 8 h, from Ayia Napa. Includes hotel pickup and a meal. Polish-speaking guide. Price level €€ per person.",sightseeing,pickup;meal;full-day;guide-polish,famagusta,Ayia Napa,,34.9893,33.9962,town,480,8 h,€€,person,,https://www.getyourguide.com/ayia-napa-l124743/authentic-cyprus-with-a-polish-speaking-guide-t618520/,0,false,
authentic-cyprus-day-trip-with-lunch-romanian-speaking-guide-720432,720432,Authentic Cyprus day trip with lunch (Romanian-speaking guide),"About 8 h, from Ayia Napa. Includes hotel pickup and a meal. Romanian-speaking guide. Price level €€ per person.",sightseeing,pickup;meal;full-day;guide-romanian,famagusta,Ayia Napa,,34.9893,33.9962,town,480,8 h,€€,person,,https://www.getyourguide.com/larnaca-l1587/authentic-cyprus-with-an-english-speaking-guide-t720432/,0,false,
bar-crawl-988926,988926,Bar crawl,"About 3 h, from Ayia Napa. Price level € per person.",sightseeing,half-day,famagusta,Ayia Napa,,34.9893,33.9962,town,180,3 h,€,person,,https://www.getyourguide.com/paphos-l426/paphos-pub-crawl-with-shots-and-drinking-games-t988926/,0,false,
day-trip-ayia-napa-cape-greco-the-blue-lagoon-and-the-sea-caves-700777,700777,"Day trip: Ayia Napa, Cape Greco, the Blue Lagoon & the sea caves","About 7 h, from Larnaca. Takes in Cape Greco, the Blue Lagoon and the sea caves. Includes hotel pickup. Price level €€ per person.",sightseeing,pickup;full-day,famagusta,Larnaca,Cape Greco,34.96,34.0838,landmark,420,7 h,€€,person,,https://www.getyourguide.com/paphos-l426/larnaca-ayia-napa-cape-greko-blue-lagoon-sea-caves-t700777/,0,false,
half-day-tour-ayia-napa-sea-caves-cape-greco-and-bridge-of-love-991220,991220,"Half-day tour: Ayia Napa sea caves, Cape Greco & Bridge of Love","About 4.5 h, from Ayia Napa. Takes in the sea caves, Cape Greco and Bridge of Love. Includes hotel pickup. Price level €€ per person.",sightseeing,pickup;half-day,famagusta,Ayia Napa,Ayia Napa sea caves,34.9684,34.0546,landmark,270,4.5 h,€€,person,,https://www.getyourguide.com/ayia-napa-l124743/sea-caves-capegreco-konnos-bay-lovers-bridge-and-more-t991220/,0,false,
half-day-tour-cape-greco-ayia-napa-sea-caves-and-bridge-of-love-537606,537606,"Half-day tour: Cape Greco, Ayia Napa sea caves & Bridge of Love","About 4 h, from Larnaca. Takes in Cape Greco, the sea caves and Bridge of Love. Includes hotel pickup. Small group. Price level €€€ per person.",sightseeing,pickup;small-group;half-day,famagusta,Larnaca,Cape Greco,34.96,34.0838,landmark,240,4 h,€€€,person,,https://www.getyourguide.com/larnaca-l1587/from-larnaca-cape-greko-guided-tour-with-transfers-t537606/,0,false,
private-half-day-tour-cape-greco-473946,473946,Private half-day tour: Cape Greco,"About 4 h, from Pyla. Takes in Cape Greco. Includes hotel pickup. Private. Price level €€€ per person.",sightseeing,pickup;private;half-day,famagusta,Pyla,Cape Greco,34.96,34.0838,landmark,240,4 h,€€€,person,,https://www.getyourguide.com/oroklini-l190920/cape-greco-sea-caves-bridge-of-lovers-with-barbeque-t473946/,0,false,
private-half-day-tour-cape-greco-and-ayia-napa-970865,970865,Private half-day tour: Cape Greco & Ayia Napa,"About 5 h, from Larnaca. Takes in Cape Greco and Ayia Napa. Includes hotel pickup. Private. Price level €€€ per person.",sightseeing,pickup;private;half-day,famagusta,Larnaca,Cape Greco,34.96,34.0838,landmark,300,5 h,€€€,person,,https://www.getyourguide.com/larnaca-l1587/from-larnaca-private-cape-greco-ayia-napa-tour-t970865/,0,false,
private-sunset-half-day-tour-cape-greco-1271288,1271288,Private sunset half-day tour: Cape Greco,"About 2.5 h, from Ayia Napa. Takes in Cape Greco. Includes hotel pickup. Private for up to 4 guests. Price level €€€ per group (up to 4 guests).",sightseeing,pickup;private;sunset;short,famagusta,Ayia Napa,Cape Greco,34.96,34.0838,landmark,150,2.5 h,€€€,group,4,https://www.getyourguide.com/ayia-napa-l124743/ayia-napa-cape-greco-sunset-tour-with-photos-pickup-t1271288/,0,false,
guided-jet-ski-safari-to-the-blue-lagoon-1335069,1335069,Guided jet-ski safari to the Blue Lagoon,"About 1 h, from Protaras. Takes in the Blue Lagoon. Small group. Price level €€€ per person.",water,small-group;short,famagusta,Protaras,Blue Lagoon (Cape Greco),34.9662,34.0798,landmark,60,1 h,€€€,person,,https://www.getyourguide.com/protaras-l132513/protaras-blue-lagoon-guided-jet-ski-safari-1-hour-t1335069/,0,false,
guided-jet-ski-safari-to-the-sea-caves-1338732,1338732,Guided jet-ski safari to the sea caves,"About 1 h, from Protaras. Takes in the sea caves. Small group. Price level €€€ per group (up to 2 guests).",water,small-group;short,famagusta,Protaras,Ayia Napa sea caves,34.9684,34.0546,landmark,60,1 h,€€€,group,2,https://www.getyourguide.com/protaras-l132513/protaras-guided-jet-ski-tour-caves-lagoon-snorkeling-t1338732/,0,false,
jet-ski-and-water-toys-package-1268120,1268120,Jet ski & water-toys package,"About 2 h, from Protaras. Small group. Price level €€€ per group (up to 2 guests).",water,small-group;short,famagusta,Protaras,Green Bay,34.9996,34.0666,landmark,120,2 h,€€€,group,2,https://www.getyourguide.com/protaras-l132513/protaras-jet-ski-towable-ride-pedal-boatcanoe-package-t1268120/,0,false,
private-guided-sea-kayak-tour-to-cape-greco-421464,421464,Private guided sea-kayak tour to Cape Greco,"About 4–5 h, from Ayia Napa. Takes in Cape Greco. Includes hotel pickup. Private. Price level €€€ per person.",water,pickup;private;half-day,famagusta,Ayia Napa,Cape Greco,34.96,34.0838,landmark,240,4–5 h,€€€,person,,https://www.getyourguide.com/nicosia-l415/4-hour-east-cape-greco-private-guided-kayak-tour-t421464/,0,false,
private-guided-sea-kayak-tour-to-cape-greco-and-the-sea-caves-420930,420930,Private guided sea-kayak tour to Cape Greco & the sea caves,"About 3–4 h, from Ayia Napa. Takes in Cape Greco and the sea caves. Includes hotel pickup. Private. Price level €€€ per person.",water,pickup;private;half-day,famagusta,Ayia Napa,Cape Greco,34.96,34.0838,landmark,180,3–4 h,€€€,person,,https://www.getyourguide.com/paphos-district-l1351/3-hour-cape-greco-sea-caves-guided-kayaking-t420930/,0,false,
private-guided-sea-kayak-tour-to-cape-greco-and-the-sea-caves-420747,420747,Private guided sea-kayak tour to Cape Greco & the sea caves with snorkelling,"About 5–6 h, from Ayia Napa. Takes in Cape Greco and the sea caves. Includes hotel pickup. Private. Price level €€€ per person.",water,pickup;private;half-day,famagusta,Ayia Napa,Cape Greco,34.96,34.0838,landmark,300,5–6 h,€€€,person,,https://www.getyourguide.com/ayia-napa-l124743/5-hour-cape-greco-caves-kayaking-snorkelling-trip-t420747/,0,false,
private-guided-sea-kayak-tour-to-the-sea-caves-418564,418564,Private guided sea-kayak tour to the sea caves,"About 4–5 h, from Ayia Napa. Takes in the sea caves. Includes hotel pickup. Private. Price level €€€ per person.",water,pickup;private;half-day,famagusta,Ayia Napa,Ayia Napa sea caves,34.9684,34.0546,landmark,240,4–5 h,€€€,person,,https://www.getyourguide.com/ayia-napa-l124743/4-hour-ayia-napa-seacaves-guided-kayaking-from-limnara-beach-t418564/,0,false,
private-speedboat-with-watersports-1265180,1265180,Private speedboat with watersports,"About 1–3 h, from Protaras. Private for up to 8 guests. Price level €€€€ per group (up to 8 guests).",water,private;short,famagusta,Protaras,Cape Greco,34.96,34.0838,landmark,60,1–3 h,€€€€,group,8,https://www.getyourguide.com/protaras-l132513/protaras-private-speedboat-cruise-with-watersports-fun-t1265180/,0,false,
private-wakeboard-session-with-coaching-1265372,1265372,Private wakeboard session with coaching,"About 1–2 h, from Protaras. Private for up to 4 guests. Price level €€€€ per group (up to 4 guests).",water,private;short,famagusta,Protaras,Green Bay,34.9996,34.0666,landmark,60,1–2 h,€€€€,group,4,https://www.getyourguide.com/protaras-l132513/protaras-private-wakeboard-session-with-coaching-t1265372/,0,false,
sup-and-kayak-tour-to-the-sea-caves-and-the-blue-lagoon-1289657,1289657,SUP & kayak tour to the sea caves & the Blue Lagoon,"About 3 h, from Ayia Napa. Takes in the sea caves and the Blue Lagoon. Includes hotel pickup. Small group. Price level €€€ per person.",water,pickup;small-group;half-day,famagusta,Ayia Napa,Ayia Napa sea caves,34.9684,34.0546,landmark,180,3 h,€€€,person,,https://www.getyourguide.com/ayia-napa-l124743/ayia-napa-musan-dives-for-certified-divers-t1289657/,0,false,
boat-party-with-a-dj-988366,988366,Boat party with a DJ,"About 1.5 h, from Larnaca. Includes a DJ. Price level € per person.",boat,sunset;short,larnaca,Larnaca,,34.9165,33.63,town,90,1.5 h,€,person,,https://www.getyourguide.com/larnaca-l1587/larnaca-disco-sunset-cruise-t988366/,0,false,
boat-trip-to-protaras-with-lunch-489418,489418,Boat trip to Protaras with lunch,"About 5 h, from Larnaca. Takes in Protaras. Includes hotel pickup and a meal. Price level €€€ per person.",boat,pickup;meal;half-day,larnaca,Larnaca,Zenobia wreck,34.9005,33.658,landmark,300,5 h,€€€,person,,https://www.getyourguide.com/larnaca-l1587/odyssey-boat-safari-from-larnaca-to-protaras-t489418/,0,false,
cruise-along-the-larnaca-coast-with-snorkelling-500684,500684,Cruise along the Larnaca coast with snorkelling,"About 1.5–2 h, from Larnaca. Takes in Larnaca Marina. Includes snorkelling. Price level € per person.",boat,short,larnaca,Larnaca,Larnaca Marina,34.9177,33.6406,landmark,90,1.5–2 h,€,person,,https://www.getyourguide.com/larnaca-l1587/larnaca-bay-cruise-with-snorkeling-t500684/,0,false,
fishing-trip-off-larnaca-489433,489433,Fishing trip off Larnaca,"About 4 h, from Larnaca. Includes hotel pickup and a meal. Price level €€ per person.",boat,pickup;meal;half-day,larnaca,Larnaca,,34.9165,33.63,town,240,4 h,€€,person,,https://www.getyourguide.com/larnaca-l1587/larnaca-relaxing-cruise-with-fishing-and-bbq-lunch-t489433/,0,false,
private-boat-trip-along-the-larnaca-coast-1368614,1368614,Private boat trip along the Larnaca coast,"About 1 h, from Larnaca. Private for up to 10 guests. Price level €€€ per group (up to 10 guests).",boat,private;short,larnaca,Larnaca,Zenobia wreck,34.9005,33.658,landmark,60,1 h,€€€,group,10,https://www.getyourguide.com/larnaca-l1587/larnaca-private-boat-charter-with-optional-add-ons-t1368614/,0,false,
private-boat-trip-along-the-larnaca-coast-with-swim-stops-1306020,1306020,Private boat trip along the Larnaca coast with swim stops,"About 1.5 h, from Larnaca. Includes swim stops. Private for up to 6 guests. Price level €€€ per group (up to 6 guests).",boat,private;short,larnaca,Larnaca,,34.9165,33.63,town,90,1.5 h,€€€,group,6,https://www.getyourguide.com/larnaca-l1587/larnaca-sunrise-or-sunset-boat-trip-with-swimming-stops-t1306020/,0,false,
private-fishing-trip-off-larnaca-1042311,1042311,Private fishing trip off Larnaca,"About 2.5 h, from Larnaca. Private for up to 10 guests. Price level €€€€ per group (up to 10 guests).",boat,private;short,larnaca,Larnaca,,34.9165,33.63,town,150,2.5 h,€€€€,group,10,https://www.getyourguide.com/larnaca-l1587/larnaca-private-fishing-traditional-explorer-n-vessel-t1042311/,0,false,
private-sunset-cruise-along-the-larnaca-coast-204688,204688,Private sunset cruise along the Larnaca coast,"About 2 h, from Larnaca. Private for up to 8 guests. Price level €€€€ per group (up to 8 guests).",boat,private;sunset;short,larnaca,Larnaca,,34.9165,33.63,town,120,2 h,€€€€,group,8,https://www.getyourguide.com/larnaca-l1587/larnaca-champagne-sunset-cruise-t204688/,0,false,
semi-submarine-cruise-along-the-larnaca-coast-with-open-bar-and-689046,689046,Semi-submarine cruise along the Larnaca coast with open bar & swim stops,"About 2 h, from Larnaca. Includes open bar and swim stops. Price level €€ per person.",boat,short,larnaca,Larnaca,,34.9165,33.63,town,120,2 h,€€,person,,https://www.getyourguide.com/larnaca-l1587/larnaca-all-inclusive-yellow-submarine-swimming-cruise-t689046/,0,false,
semi-submarine-cruise-along-the-larnaca-coast-with-swim-stops-705402,705402,Semi-submarine cruise along the Larnaca coast with swim stops,"About 1 h 20 min, from Larnaca. Includes swim stops. Price level € per person.",boat,short,larnaca,Larnaca,Zenobia wreck,34.9005,33.658,landmark,80,1 h 20 min,€,person,,https://www.getyourguide.com/larnaca-l1587/larnaca-yellow-submarine-mini-cruise-with-a-swim-stop-t705402/,0,false,
sunset-cruise-along-the-larnaca-coast-811043,811043,Sunset cruise along the Larnaca coast,"About 45 min, from Larnaca. Price level € per person.",boat,sunset;short,larnaca,Larnaca,,34.9165,33.63,town,45,45 min,€,person,,https://www.getyourguide.com/larnaca-l1587/larnaca-sunset-cruises-traditional-explorer-n-vessel-t811043/,0,false,
sunset-cruise-along-the-larnaca-coast-with-drinks-489452,489452,Sunset cruise along the Larnaca coast with drinks,"About 1.5 h, from Larnaca. Includes drinks. Price level € per person.",boat,sunset;short,larnaca,Larnaca,,34.9165,33.63,town,90,1.5 h,€,person,,https://www.getyourguide.com/larnaca-l1587/one-hour-sunset-cruise-t489452/,0,false,
sunset-cruise-along-the-larnaca-coast-with-drinks-703910,703910,Sunset cruise along the Larnaca coast with drinks,"About 1.5 h, from Larnaca. Includes drinks. Price level € per person.",boat,sunset;short,larnaca,Larnaca,Finikoudes,34.9125,33.6368,landmark,90,1.5 h,€,person,,https://www.getyourguide.com/larnaca-l1587/larnaca-sunset-cruise-with-a-glass-of-wine-t703910/,0,false,
sunset-cruise-along-the-larnaca-coast-with-open-bar-985444,985444,Sunset cruise along the Larnaca coast with open bar,"About 1.5 h, from Larnaca. Includes open bar. Price level € per person.",boat,sunset;short,larnaca,Larnaca,Larnaca Marina,34.9177,33.6406,landmark,90,1.5 h,€,person,,https://www.getyourguide.com/larnaca-l1587/larnaca-sunset-cruise-with-unlimited-wine-beers-t985444/,0,false,
yacht-charter-along-the-larnaca-coast-1-5-1191590,1191590,Yacht charter along the Larnaca coast (1.5 h),"About 1.5 h, from Larnaca. Private for up to 15 guests. Price level €€€ per group (up to 15 guests).",boat,private;short,larnaca,Larnaca,,34.9165,33.63,town,90,1.5 h,€€€,group,15,https://www.getyourguide.com/larnaca-l1587/larnaca-private-cruise-on-the-deep-blue-yacht-t1191590/,0,false,
yacht-charter-along-the-larnaca-coast-5-158618,158618,Yacht charter along the Larnaca coast (5 h),"About 5 h, from Larnaca. Private for up to 15 guests. Price level €€€€ per group (up to 15 guests).",boat,private;half-day,larnaca,Larnaca,Finikoudes,34.9125,33.6368,landmark,300,5 h,€€€€,group,15,https://www.getyourguide.com/larnaca-l1587/cyprus-6-hour-private-yacht-cruise-t158618/,0,false,
cigar-pairing-workshop-524345,524345,Cigar-pairing workshop,"About 2 h, from Larnaca. Small group. Price level €€€ per person.",classes,small-group;short,larnaca,Larnaca,,34.9165,33.63,town,120,2 h,€€€,person,,https://www.getyourguide.com/larnaca-l1587/private-cigar-pairing-workshop-in-cyprus-t524345/,0,false,
herbal-and-botanical-workshops-1348428,1348428,Herbal & botanical workshops,"About 4 h, from Larnaca. Includes hotel pickup. Price level €€€ per person.",classes,pickup;half-day,larnaca,Larnaca,,34.9165,33.63,town,240,4 h,€€€,person,,https://www.getyourguide.com/avgorou-cyprus-l257869/slow-cyprus-herbalist-s-botanical-workshops-from-larnaca-t1348428/,0,false,
kombucha-making-workshop-524451,524451,Kombucha-making workshop,"About 1 h, from Larnaca. Small group. Price level €€ per person.",classes,small-group;short,larnaca,Larnaca,,34.9165,33.63,town,60,1 h,€€,person,,https://www.getyourguide.com/larnaca-district-l2162/private-kombucha-making-workshop-in-cyprus-t524451/,0,false,
day-trip-kyrenia-and-famagusta-old-town-973103,973103,Day trip: Kyrenia & Famagusta old town,"About 10 h, from Larnaca. Takes in Kyrenia and Famagusta old town. Includes hotel pickup. Price level €€ per person.",culture,pickup;full-day,larnaca,Larnaca,,34.9165,33.63,town,600,10 h,€€,person,,https://www.getyourguide.com/limassol-l32399/from-larnacaayia-napaprotaras-kyrenia-famagusta-t973103/,0,true,Kyrenia
day-trip-lefkara-and-camel-park-1264247,1264247,Day trip: Lefkara & Camel Park,"About 7 h, from Larnaca. Takes in Lefkara and Camel Park. Includes hotel pickup. Good for families. Price level €€ per person.",culture,pickup;family;full-day,larnaca,Larnaca,Camel Park,34.8001,33.5076,landmark,420,7 h,€€,person,,https://www.getyourguide.com/pano-lefkara-l127763/from-larnacaayia-napa-lefkara-village-donkey-camel-park-t1264247/,0,false,
day-trip-nicosia-and-kyrenia-polish-speaking-guide-622084,622084,Day trip: Nicosia & Kyrenia (Polish-speaking guide),"About 8 h, from Larnaca. Takes in Nicosia and Kyrenia. Includes hotel pickup. Polish-speaking guide. Price level €€ per person.",culture,pickup;full-day;guide-polish,larnaca,Larnaca,,34.9165,33.63,town,480,8 h,€€,person,,https://www.getyourguide.com/nicosia-l415/the-jewels-of-the-north-with-a-polish-speaking-guide-t622084/,0,true,Kyrenia
day-trip-nicosia-and-troodos-mountains-1144011,1144011,Day trip: Nicosia & Troodos Mountains,"About 8 h, from Larnaca. Takes in Nicosia and the Troodos Mountains. Includes hotel pickup. Price level €€ per person.",culture,pickup;full-day,larnaca,Larnaca,,34.9165,33.63,town,480,8 h,€€,person,,https://www.getyourguide.com/kakopetria-l127703/larnacaayia-napaprotaras-nicosia-troodos-mountains-t1144011/,0,false,
day-trip-paphos-and-ancient-kourion-949001,949001,Day trip: Paphos & Ancient Kourion,"About 10.5 h, from Larnaca. Takes in Paphos and Ancient Kourion. Includes hotel pickup. Price level €€ per person.",culture,pickup;full-day,larnaca,Larnaca,,34.9165,33.63,town,630,10.5 h,€€,person,,https://www.getyourguide.com/paphos-district-l1351/from-protarasayia-napalarnaca-paphos-curium-t949001/,0,false,
day-trip-salamis-varosha-and-famagusta-old-town-630060,630060,"Day trip: Salamis, Varosha & Famagusta old town","About 9 h, from Larnaca. Takes in Salamis, Varosha and Famagusta old town. Includes hotel pickup. Price level €€ per person.",culture,pickup;full-day,larnaca,Larnaca,,34.9165,33.63,town,540,9 h,€€,person,,https://www.getyourguide.com/larnaca-district-l2162/from-larnacaayia-napaprotaras-famagusta-varosha-salamis-t630060/,0,true,Varosha
day-trip-troodos-mountains-kykkos-monastery-and-kakopetria-1270680,1270680,"Day trip: Troodos Mountains, Kykkos Monastery & Kakopetria","About 8.5 h, from Larnaca. Takes in the Troodos Mountains, Kykkos Monastery and Kakopetria. Includes hotel pickup. Price level €€ per person.",culture,pickup;full-day,larnaca,Larnaca,,34.9165,33.63,town,510,8.5 h,€€,person,,https://www.getyourguide.com/kakopetria-l127703/from-larnaca-troodos-highlights-kykkos-throni-kakopetria-t1270680/,0,false,
day-trip-unesco-painted-churches-and-monasteries-1377311,1377311,Day trip: UNESCO painted churches & monasteries,"About 8 h, from Larnaca. Includes hotel pickup. Small group. Price level €€ per person.",culture,pickup;small-group;full-day,larnaca,Larnaca,,34.9165,33.63,town,480,8 h,€€,person,,https://www.getyourguide.com/larnaca-l1587/from-larnaca-unesco-churches-and-monasteries-tour-t1377311/,0,false,
half-day-tour-golden-donkeys-farm-and-choirokoitia-1385734,1385734,Half-day tour: Golden Donkeys Farm & Choirokoitia,"About 4.5 h, from Limassol. Takes in Golden Donkeys Farm and Choirokoitia. Includes hotel pickup. Small group, good for families. Price level €€ per person.",culture,pickup;small-group;family;half-day,larnaca,Limassol,Golden Donkeys Farm,34.8184,33.3339,landmark,270,4.5 h,€€,person,,https://www.getyourguide.com/khirokitia-l143876/golden-donkeys-unesco-white-rocks-sunset-from-limassol-t1385734/,0,false,
half-day-tour-golden-donkeys-farm-and-choirokoitia-1395988,1395988,Half-day tour: Golden Donkeys Farm & Choirokoitia,"About 4.5 h, from Larnaca. Takes in Golden Donkeys Farm and Choirokoitia. Includes hotel pickup. Small group, good for families. Price level €€€ per person.",culture,pickup;small-group;family;half-day,larnaca,Larnaca,Golden Donkeys Farm,34.8184,33.3339,landmark,270,4.5 h,€€€,person,,https://www.getyourguide.com/larnaca-l1587/from-larnaka-golden-donkeys-unesco-white-rocks-tour-t1395988/,0,false,
half-day-tour-lefkara-and-choirokoitia-1375105,1375105,Half-day tour: Lefkara & Choirokoitia,"About 5 h, from Larnaca. Takes in Lefkara and Choirokoitia. Includes hotel pickup. Small group. Price level €€€ per person.",culture,pickup;small-group;half-day,larnaca,Larnaca,Choirokoitia,34.7982,33.3488,landmark,300,5 h,€€€,person,,https://www.getyourguide.com/khirokitia-l143876/lefkara-kato-drys-choirokoitia-unesco-tour-from-larnaka-t1375105/,0,false,
half-day-tour-lefkara-and-choirokoitia-1180001,1180001,Half-day tour: Lefkara & Choirokoitia,"About 5.5 h, from Limassol. Takes in Lefkara and Choirokoitia. Includes hotel pickup. Small group. Price level €€€ per person.",culture,pickup;small-group;half-day,larnaca,Limassol,Choirokoitia,34.7982,33.3488,landmark,330,5.5 h,€€€,person,,https://www.getyourguide.com/pano-lefkara-l127763/lefkara-kato-drys-choirokoitia-unesco-tour-t1180001/,0,false,
lefkara-village-olive-farm-and-donkey-farm-tour-1208799,1208799,"Lefkara village, olive farm & donkey farm tour","About 4 h, from Lefkara. Includes hotel pickup. Small group, good for families. Price level €€€ per person.",culture,pickup;small-group;family;half-day,larnaca,Lefkara,Golden Donkeys Farm,34.8184,33.3339,landmark,240,4 h,€€€,person,,https://www.getyourguide.com/pano-lefkara-l127763/lefkara-village-olive-farm-and-donkey-farm-tour-t1208799/,0,false,
private-day-trip-bellapais-abbey-and-st-hilarion-castle-523216,523216,Private day trip: Bellapais Abbey & St Hilarion Castle,"About 6 h, from Larnaca. Takes in Bellapais Abbey and St Hilarion Castle. Includes hotel pickup. Private. Price level €€€ per person.",culture,pickup;private;full-day,larnaca,Larnaca,,34.9165,33.63,town,360,6 h,€€€,person,,https://www.getyourguide.com/larnaca-l1587/st-hilarion-castle-and-bellapais-ruines-with-private-guide-t523216/,0,true,Hilarion
private-half-day-tour-varosha-1208038,1208038,Private half-day tour: Varosha,"About 4 h, from Larnaca. Takes in Varosha. Includes hotel pickup. Private. Price level €€€ per person.",culture,pickup;private;half-day,larnaca,Larnaca,,34.9165,33.63,town,240,4 h,€€€,person,,https://www.getyourguide.com/varosha-l177928/varosha-the-cyprus-ghost-town-private-tour-with-pickup-t1208038/,0,true,Varosha
private-larnaca-tour-old-town-salt-lake-and-a-boat-trip-to-the-473217,473217,"Private Larnaca tour: old town, Salt Lake & a boat trip to the Zenobia wreck","About 3 h, from Larnaca. Takes in the Salt Lake and the Zenobia wreck. Includes hotel pickup. Private. Price level €€€ per person.",culture,pickup;private;half-day,larnaca,Larnaca,Larnaca Salt Lake,34.8791,33.6197,landmark,180,3 h,€€€,person,,https://www.getyourguide.com/larnaca-l1587/larnaca-private-guide-to-explore-the-top-sightseeings-t473217/,0,false,
private-lost-places-and-mining-heritage-tour-1215739,1215739,Private lost places & mining-heritage tour,"About 5 h, from Larnaca. Includes hotel pickup. Private. Price level €€€ per person.",culture,pickup;private;half-day,larnaca,Larnaca,,34.9165,33.63,town,300,5 h,€€€,person,,https://www.getyourguide.com/larnaca-l1587/cyprus-skouriotissa-and-lefke-nature-and-sightseeing-tour-t1215739/,0,false,
private-walking-tour-larnaca-old-town-602374,602374,Private walking tour: Larnaca old town,"About 2 h, from Larnaca. Private for up to 15 guests. Price level €€€€ per group (up to 15 guests).",culture,private;short,larnaca,Larnaca,,34.9165,33.63,town,120,2 h,€€€€,group,15,https://www.getyourguide.com/larnaca-l1587/larnaca-private-walking-tour-t602374/,0,false,
guided-dive-for-certified-divers-on-the-zenobia-wreck-2-1191602,1191602,Guided dive for certified divers on the Zenobia wreck (2 h),"About 2 h, from Larnaca. Takes in the Zenobia wreck. Small group. Price level €€€ per person.",diving,small-group;short,larnaca,Larnaca,Zenobia wreck,34.9005,33.658,landmark,120,2 h,€€€,person,,https://www.getyourguide.com/larnaca-l1587/larnaca-zenobia-shipwreck-dive-with-equipment-t1191602/,0,false,
guided-dive-for-certified-divers-on-the-zenobia-wreck-7-5-1184712,1184712,Guided dive for certified divers on the Zenobia wreck (7.5 h),"About 7.5 h, from Larnaca. Takes in the Zenobia wreck. Includes hotel pickup. Small group, certified divers only. Price level €€€ per person.",diving,pickup;small-group;certified-divers;full-day,larnaca,Larnaca,Zenobia wreck,34.9005,33.658,landmark,450,7.5 h,€€€,person,,https://www.getyourguide.com/ayia-napa-l124743/larnaca-zenobia-shipwreck-dives-certified-divers-only-t1184712/,0,false,
private-guided-wreck-dive-1305161,1305161,Private guided wreck dive,"About 5 h, from Larnaca. Private for up to 6 guests. Price level €€€€ per group (up to 6 guests).",diving,private;half-day,larnaca,Larnaca,,34.9165,33.63,town,300,5 h,€€€€,group,6,https://www.getyourguide.com/larnaca-l1587/larnaca-private-wreck-diving-tour-with-gear-photos-t1305161/,0,false,
private-night-dive-certification-on-the-zenobia-wreck-967523,967523,Private night-dive certification on the Zenobia wreck,"About 3 h, from Larnaca. Takes in the Zenobia wreck. Private. Price level €€€€ per person.",diving,private;evening;half-day,larnaca,Larnaca,Zenobia wreck,34.9005,33.658,landmark,180,3 h,€€€€,person,,https://www.getyourguide.com/larnaca-l1587/larnaca-zenobia-wreck-night-dive-certification-with-ssi-t967523/,0,false,
private-snorkelling-cruise-on-the-zenobia-wreck-748361,748361,Private snorkelling cruise on the Zenobia wreck,"About 1.5–2 h, from Larnaca. Takes in the Zenobia wreck. Private. Price level € per person.",diving,private;short,larnaca,Larnaca,Zenobia wreck,34.9005,33.658,landmark,90,1.5–2 h,€,person,,https://www.getyourguide.com/larnaca-l1587/larnaca-snorkelling-zenobia-wreck-plus-mini-cruise-t748361/,0,false,
private-try-dive-for-beginners-on-the-zenobia-wreck-736490,736490,Private try-dive for beginners on the Zenobia wreck,"About 3 h, from Larnaca. Takes in the Zenobia wreck. Private, no experience needed. Price level €€€ per person.",diving,private;beginners;half-day,larnaca,Larnaca,Zenobia wreck,34.9005,33.658,landmark,180,3 h,€€€,person,,https://www.getyourguide.com/larnaca-l1587/larnaca-beginners-divers-t736490/,0,false,
private-zenobia-wreck-dive-with-full-gear-1305358,1305358,Private Zenobia wreck dive with full gear,"About 4 h, from Larnaca. Takes in the Zenobia wreck. Private for up to 4 guests. Price level €€€€ per group (up to 4 guests).",diving,private;half-day,larnaca,Larnaca,Zenobia wreck,34.9005,33.658,landmark,240,4 h,€€€€,group,4,https://www.getyourguide.com/larnaca-l1587/larnaca-private-zenobia-wreck-with-full-gear-t1305358/,0,false,
try-dive-for-beginners-1444858,1444858,Try-dive for beginners,"About 5 h, from Larnaca. Small group, no experience needed. Price level €€€ per person.",diving,small-group;beginners;half-day,larnaca,Larnaca,,34.9165,33.63,town,300,5 h,€€€,person,,https://www.getyourguide.com/larnaca-l1587/discover-scuba-diving-turtles-underwater-sculptures-t1444858/,0,false,
beekeeping-visit-and-honey-tasting-1164643,1164643,Beekeeping visit & honey tasting,"About 2.5 h, from Larnaca. Price level €€€ per person.",food,short,larnaca,Larnaca,,34.9165,33.63,town,150,2.5 h,€€€,person,,https://www.getyourguide.com/larnaca-district-l2162/cyprus-honey-tour-tasting-and-beekeeper-experience-t1164643/,0,false,
cocktail-making-class-513227,513227,Cocktail-making class,"About 2 h, from Larnaca. Small group. Price level €€ per person.",food,small-group;short,larnaca,Larnaca,,34.9165,33.63,town,120,2 h,€€,person,,https://www.getyourguide.com/larnaca-l1587/private-cocktail-making-workshop-in-larnaca-t513227/,0,false,
craft-beer-tasting-524649,524649,Craft-beer tasting,"About 1.5 h, from Larnaca. Small group. Price level €€ per person.",food,small-group;short,larnaca,Larnaca,,34.9165,33.63,town,90,1.5 h,€€,person,,https://www.getyourguide.com/larnaca-district-l2162/private-local-craft-beer-tasting-in-the-center-of-larnaca-t524649/,0,false,
cypriot-cooking-class-with-a-meal-965520,965520,Cypriot cooking class with a meal,"About 3.5 h, from Larnaca. Includes a meal. Price level €€€ per person.",food,meal;half-day,larnaca,Larnaca,,34.9165,33.63,town,210,3.5 h,€€€,person,,https://www.getyourguide.com/larnaca-district-l2162/cyprus-fournisto-tavern-cooking-class-lessons-with-lunch-t965520/,0,false,
wine-tour-limassol-and-omodos-1258936,1258936,Wine tour: Limassol & Omodos,"About 9 h, from Larnaca. Takes in Limassol and Omodos. Includes hotel pickup. Price level €€ per person.",food,pickup;full-day,larnaca,Larnaca,,34.9165,33.63,town,540,9 h,€€,person,,https://www.getyourguide.com/omodos-l127693/from-larnacaayia-napaprotaras-limassol-omodos-wine-tour-t1258936/,0,false,
day-trip-larnaca-salt-lake-nissi-beach-and-cape-greco-416057,416057,"Day trip: Larnaca Salt Lake, Nissi Beach & Cape Greco","About 10 h, from Larnaca. Takes in the Salt Lake, Nissi Beach and Cape Greco. Includes hotel pickup. Price level €€€€ per group (up to 10 guests).",nature,pickup;full-day,larnaca,Larnaca,Larnaca Salt Lake,34.8791,33.6197,landmark,600,10 h,€€€€,group,10,https://www.getyourguide.com/paphos-l426/history-nature-art-a-day-in-larnaca-ayia-napa-from-pafos-t416057/,0,false,
day-trip-troodos-mountains-1043483,1043483,Day trip: Troodos Mountains,"About 8 h, from Larnaca. Takes in the Troodos Mountains. Includes hotel pickup. Price level €€ per person.",nature,pickup;full-day,larnaca,Larnaca,,34.9165,33.63,town,480,8 h,€€,person,,https://www.getyourguide.com/larnaca-l1587/meet-the-locals-of-troodos-mountains-t1043483/,0,false,
guided-bike-tour-larnaca-salt-lake-1362959,1362959,Guided bike tour: Larnaca Salt Lake,"About 2.5 h, from Larnaca. Takes in the Salt Lake. Price level €€ per person.",nature,short,larnaca,Larnaca,Larnaca Salt Lake,34.8791,33.6197,landmark,150,2.5 h,€€,person,,https://www.getyourguide.com/larnaca-l1587/larnaca-salt-lake-cultural-highlights-guided-bike-tour-t1362959/,0,false,
nature-and-lost-places-tour-mines-and-lakes-1215717,1215717,Nature & lost places tour: mines & lakes,"About 4 h, from Larnaca. Includes hotel pickup. Small group. Price level €€€ per person.",nature,pickup;small-group;half-day,larnaca,Larnaca,,34.9165,33.63,town,240,4 h,€€€,person,,https://www.getyourguide.com/cyprus-l169006/cyprus-abandoned-copper-mines-tour-with-red-lake-t1215717/,0,false,
ezraider-off-road-ride-1027378,1027378,EZRaider off-road ride,"About 1.5 h, from Pyla. Small group. Price level €€ per person.",safari,small-group;short,larnaca,Pyla,,35.0138,33.6918,town,90,1.5 h,€€,person,,https://www.getyourguide.com/pyla-l192502/pyla-guided-ezraider-tour-with-photos-video-t1027378/,0,false,
full-day-jeep-safari-331491,331491,Full-day jeep safari,"About 8 h, from Larnaca. Includes hotel pickup. Small group. Price level €€€ per person.",safari,pickup;small-group;full-day,larnaca,Larnaca,,34.9165,33.63,town,480,8 h,€€€,person,,https://www.getyourguide.com/larnaca-l1587/from-larnaca-grand-tour-jeep-safari-t331491/,0,false,
quad-bike-safari-near-larnaca-1447454,1447454,Quad-bike safari near Larnaca,"About 2 h, from Pyla. Takes in Larnaca. Small group. Price level €€€ per person.",safari,small-group;short,larnaca,Pyla,,35.0138,33.6918,town,120,2 h,€€€,person,,https://www.getyourguide.com/pyla-l192502/larnaca-2hr-atv-quad-tour-t1447454/,0,false,
authentic-villages-and-donkey-farm-day-trip-1268004,1268004,Authentic villages & donkey farm day trip,"About 8 h, from Larnaca. Includes hotel pickup. Price level €€€ per person.",sightseeing,pickup;full-day,larnaca,Larnaca,,34.9165,33.63,town,480,8 h,€€€,person,,https://www.getyourguide.com/pano-lefkara-l127763/the-soul-of-cyprus-an-authentic-island-experience-t1268004/,0,false,
day-trip-ayia-napa-cape-greco-the-blue-lagoon-and-the-sea-caves-1277461,1277461,"Day trip: Ayia Napa, Cape Greco, the Blue Lagoon & the sea caves","About 6 h, from Lefkara. Takes in Cape Greco, the Blue Lagoon and the sea caves. Includes hotel pickup. Price level €€ per person.",sightseeing,pickup;full-day,larnaca,Lefkara,,34.8666,33.3069,town,360,6 h,€€,person,,https://www.getyourguide.com/pano-platres-l225849/from-larnaca-meet-the-locals-machaira-halloumi-wine-lace-t1277461/,0,false,
island-highlights-day-trip-1303886,1303886,Island highlights day trip,"About 9 h, from Larnaca. Includes hotel pickup. Price level €€ per person.",sightseeing,pickup;full-day,larnaca,Larnaca,,34.9165,33.63,town,540,9 h,€€,person,,https://www.getyourguide.com/troodos-l254053/larnaca-nicosia-troodos-mountains-limassol-tour-t1303886/,0,false,
private-day-trip-the-karpas-peninsula-1212793,1212793,Private day trip: the Karpas Peninsula,"About 6.5 h, from Larnaca. Takes in the Karpas Peninsula. Includes hotel pickup. Private. Price level €€€€ per person.",sightseeing,pickup;private;full-day,larnaca,Larnaca,,34.9165,33.63,town,390,6.5 h,€€€€,person,,https://www.getyourguide.com/ayia-napa-l124743/cyprus-karpaz-peninsula-tour-with-guide-t1212793/,0,true,Karpaz
private-south-coast-day-trip-with-a-local-970890,970890,Private south-coast day trip with a local,"About 8 h, from Larnaca. Includes hotel pickup. Private. Price level €€€€ per person.",sightseeing,pickup;private;full-day,larnaca,Larnaca,,34.9165,33.63,town,480,8 h,€€€€,person,,https://www.getyourguide.com/paphos-l426/cyprus-private-day-trip-to-south-coast-with-a-local-t970890/,0,false,
traditional-village-experience-with-lunch-1445032,1445032,Traditional village experience with lunch,"About 4 h, from Skarinou. Includes hotel pickup and a meal. Price level €€ per person.",sightseeing,pickup;meal;half-day,larnaca,Skarinou,,34.8214,33.3572,town,240,4 h,€€,person,,https://www.getyourguide.com/skarinou-l240296/traditional-cyprus-experience-t1445032/,0,false,
camel-park-entry-ticket-1489202,1489202,Camel Park entry ticket,"A full day, from Mazotos. Takes in Camel Park. Good for families. Price level € per person.",tickets,family;full-day,larnaca,Mazotos,Camel Park,34.8001,33.5076,landmark,1440,full day,€,person,,https://www.getyourguide.com/mazotos-l256668/mazotos-camel-park-entry-ticket-t1489202/,0,false,
camel-park-ticket-with-animal-experience-1489247,1489247,Camel Park ticket with animal experience,"A full day, from Mazotos. Takes in Camel Park. Good for families. Price level € per person.",tickets,family;full-day,larnaca,Mazotos,Camel Park,34.8001,33.5076,landmark,1440,full day,€,person,,https://www.getyourguide.com/mazotos-l256668/mazotos-camel-park-full-animal-experience-ticket-t1489247/,0,false,
clay-pigeon-shooting-1257821,1257821,Clay-pigeon shooting,"About 30 min, from Limassol. Private. Price level €€€ per person.",air,private;short,limassol,Limassol,,34.68,33.04,town,30,30 min,€€€,person,,https://www.getyourguide.com/limassol-district-l127698/limassol-clay-shooting-experience-with-national-athlete-t1257821/,0,false,
catamaran-cruise-along-the-limassol-coast-with-lunch-5-5-927844,927844,Catamaran cruise along the Limassol coast with lunch (5.5 h),"About 5.5 h, from Limassol. Includes hotel pickup and a meal. Price level €€ per person.",boat,pickup;meal;half-day,limassol,Limassol,Cape Gata,34.5672,33.0173,landmark,330,5.5 h,€€,person,,https://www.getyourguide.com/limassol-l32399/limassol-catamaran-cruise-with-lunch-t927844/,0,false,
catamaran-cruise-along-the-limassol-coast-with-lunch-8-1324808,1324808,Catamaran cruise along the Limassol coast with lunch (8 h),"About 8 h, from Limassol. Includes hotel pickup and a meal. Price level €€ per person.",boat,pickup;meal;full-day,limassol,Limassol,,34.68,33.04,town,480,8 h,€€,person,,https://www.getyourguide.com/europe-l207848/catamaran-cruise-from-limassol-vip-t1324808/,0,false,
day-trip-by-coach-and-boat-to-ayia-napa-the-blue-lagoon-and-1320025,1320025,"Day trip by coach & boat to Ayia Napa, the Blue Lagoon & Turtle Cove with lunch","About 9 h, from Limassol. Takes in Ayia Napa, the Blue Lagoon and Turtle Cove. Includes hotel pickup and a meal. Price level €€€ per person.",boat,pickup;meal;full-day,limassol,Limassol,,34.68,33.04,town,540,9 h,€€€,person,,https://www.getyourguide.com/caves-cavo-greco-l211008/agia-napa-blue-lagoon-turtle-bay-boat-trip-from-limassol-t1320025/,0,false,
day-trip-by-coach-and-boat-to-the-blue-lagoon-706258,706258,Day trip by coach & boat to the Blue Lagoon,"About 9 h, from Limassol. Takes in the Blue Lagoon. Includes hotel pickup. Price level €€ per person.",boat,pickup;full-day,limassol,Limassol,,34.68,33.04,town,540,9 h,€€,person,,https://www.getyourguide.com/limassol-l32399/limassol-aphrodite-baths-blue-lagoon-bus-boat-day-tour-t706258/,0,false,
day-trip-by-coach-and-boat-to-the-blue-lagoon-and-the-akamas-1319822,1319822,Day trip by coach & boat to the Blue Lagoon & the Akamas,"About 9 h, from Limassol. Takes in the Blue Lagoon and the Akamas. Includes hotel pickup. Price level €€ per person.",boat,pickup;full-day,limassol,Limassol,,34.68,33.04,town,540,9 h,€€,person,,https://www.getyourguide.com/paphos-l426/limassol-blue-lagoon-akamas-boat-trip-t1319822/,0,false,
family-catamaran-cruise-along-the-limassol-coast-with-lunch-1324679,1324679,Family catamaran cruise along the Limassol coast with lunch,"About 8 h, from Limassol. Includes hotel pickup and a meal. Good for families. Price level €€ per person.",boat,pickup;meal;family;full-day,limassol,Limassol,Cape Gata,34.5672,33.0173,landmark,480,8 h,€€,person,,https://www.getyourguide.com/limassol-l32399/full-day-family-catamaran-cruise-from-limassol-with-lunch-t1324679/,0,false,
private-catamaran-cruise-along-the-limassol-coast-1262349,1262349,Private catamaran cruise along the Limassol coast,"About 4–7 h, from Limassol. Private for up to 20 guests. Price level €€€€ per group (up to 20 guests).",boat,private;half-day,limassol,Limassol,,34.68,33.04,town,240,4–7 h,€€€€,group,20,https://www.getyourguide.com/limassol-l32399/limassol-luxury-private-cruises-with-catamaran-t1262349/,0,false,
private-cruise-along-the-limassol-coast-1177330,1177330,Private cruise along the Limassol coast,"About 2 h, from Limassol. Takes in Limassol Marina. Private for up to 10 guests. Price level €€€€ per group (up to 10 guests).",boat,private;short,limassol,Limassol,Limassol Marina,34.6696,33.0402,landmark,120,2 h,€€€€,group,10,https://www.getyourguide.com/limassol-l32399/limassol-old-port-private-boat-cruise-with-skipper-t1177330/,0,false,
private-sailing-trip-along-the-limassol-coast-1262356,1262356,Private sailing trip along the Limassol coast,From Limassol. Private for up to 10 guests. Price level €€€€ per group (up to 10 guests).,boat,private,limassol,Limassol,,34.68,33.04,town,,,€€€€,group,10,https://www.getyourguide.com/limassol-l32399/limassol-luxury-private-cruises-with-sailing-boat-t1262356/,0,false,
private-sunset-cruise-along-the-limassol-coast-1264628,1264628,Private sunset cruise along the Limassol coast,"About 1.5 h, from Limassol. Private. Price level €€ per person.",boat,private;sunset;short,limassol,Limassol,Limassol Marina,34.6696,33.0402,landmark,90,1.5 h,€€,person,,https://www.getyourguide.com/limassol-l32399/limassol-sunset-boat-cruise-with-drone-footage-t1264628/,0,false,
private-sunset-cruise-along-the-limassol-coast-with-dinner-1316880,1316880,Private sunset cruise along the Limassol coast with dinner,"About 3 h, from Limassol. Includes a meal. Private for up to 6 guests. Price level €€€€ per group (up to 6 guests).",boat,meal;private;sunset;half-day,limassol,Limassol,Limassol Marina,34.6696,33.0402,landmark,180,3 h,€€€€,group,6,https://www.getyourguide.com/limassol-l32399/limassol-private-sunset-cruise-with-gourmet-delights-t1316880/,0,false,
private-sunset-cruise-along-the-limassol-coast-with-drinks-867975,867975,Private sunset cruise along the Limassol coast with drinks,"About 1 h, from Limassol. Includes drinks. Private for up to 7 guests. Price level €€€ per group (up to 7 guests).",boat,private;sunset;short,limassol,Limassol,Limassol Marina,34.6696,33.0402,landmark,60,1 h,€€€,group,7,https://www.getyourguide.com/limassol-l32399/limassol-sea-cruise-with-sunset-views-and-prosecco-t867975/,0,false,
private-tuna-fishing-trip-off-limassol-987489,987489,Private tuna-fishing trip off Limassol,"About 4 h, from Limassol. Takes in Limassol Marina. Private. Price level €€€€ per person.",boat,private;half-day,limassol,Limassol,Limassol Marina,34.6696,33.0402,landmark,240,4 h,€€€€,person,,https://www.getyourguide.com/limassol-l32399/limassol-marine-tuna-fishing-trip-t987489/,0,false,
sunset-cruise-along-the-limassol-coast-with-dinner-and-drinks-1198532,1198532,Sunset cruise along the Limassol coast with dinner & drinks,"About 3 h, from Limassol. Includes hotel pickup, a meal and drinks. Price level €€ per person.",boat,pickup;meal;sunset;half-day,limassol,Limassol,,34.68,33.04,town,180,3 h,€€,person,,https://www.getyourguide.com/limassol-l32399/limassol-sunset-vip-cruise-with-drinks-and-food-t1198532/,0,false,
yacht-charter-along-the-limassol-coast-613435,613435,Yacht charter along the Limassol coast,"About 2–4 h, from Limassol. Private for up to 12 guests. Price level €€€€ per group (up to 12 guests).",boat,private;short,limassol,Limassol,,34.68,33.04,town,120,2–4 h,€€€€,group,12,https://www.getyourguide.com/larnaca-l1587/evening-cruise-with-fireworks-t613435/,0,false,
candle-making-workshop-1145924,1145924,Candle-making workshop,"About 2.5 h, from Limassol. Small group. Price level €€ per person.",classes,small-group;short,limassol,Limassol,Limassol Marina,34.6696,33.0402,landmark,150,2.5 h,€€,person,,https://www.getyourguide.com/limassol-l32399/limassol-seletta-lab-candle-workshop-mesogeiou-14-t1145924/,0,false,
photography-tour-and-workshop-1009165,1009165,Photography tour & workshop,"About 1.5–4 h, from Limassol. Small group. Price level €€€ per group (up to 4 guests).",classes,small-group;short,limassol,Limassol,,34.68,33.04,town,90,1.5–4 h,€€€,group,4,https://www.getyourguide.com/protaras-l132513/cyprus-photography-tour-with-a-professional-photographer-t1009165/,0,false,
private-holiday-photoshoot-with-a-pro-photographer-in-limassol-1344850,1344850,Private holiday photoshoot with a pro photographer in Limassol (1 h),"About 1 h, from Limassol. Private for up to 4 guests. Price level €€€ per group (up to 4 guests).",classes,private;short,limassol,Limassol,,34.68,33.04,town,60,1 h,€€€,group,4,https://www.getyourguide.com/troodos-l254053/cyprus-luxury-vacation-photoshoot-experience-t1344850/,0,false,
private-holiday-photoshoot-with-a-pro-photographer-in-limassol-1495950,1495950,Private holiday photoshoot with a pro photographer in Limassol (2 h),"About 2 h, from Limassol. Private. Price level €€€€ per person.",classes,private;short,limassol,Limassol,,34.68,33.04,town,120,2 h,€€€€,person,,https://www.getyourguide.com/limassol-l32399/limassol-cyprus-editorial-lifestyle-photoshoot-t1495950/,0,false,
day-trip-ancient-kourion-french-speaking-guide-1068620,1068620,Day trip: Ancient Kourion (French-speaking guide),"About 6 h, from Paphos. Takes in Ancient Kourion. Includes hotel pickup. French-speaking guide. Price level €€ per person.",culture,pickup;full-day;guide-french,limassol,Paphos,Ancient Kourion,34.6642,32.888,landmark,360,6 h,€€,person,,https://www.getyourguide.com/paphos-l426/citrus-plantations-kourion-guided-french-speaking-excursion-t1068620/,0,false,
day-trip-ancient-kourion-and-omodos-1267854,1267854,Day trip: Ancient Kourion & Omodos,"About 8 h, from Paphos. Takes in Ancient Kourion and Omodos. Includes hotel pickup and a meal. Price level €€€ per person.",culture,pickup;meal;full-day,limassol,Paphos,Ancient Kourion,34.6642,32.888,landmark,480,8 h,€€€,person,,https://www.getyourguide.com/paphos-l426/beyond-paphos-kourion-omodos-the-legend-of-aphrodite-t1267854/,0,false,
day-trip-ancient-kourion-and-paphos-95109,95109,Day trip: Ancient Kourion & Paphos,"About 7 h, from Limassol. Takes in Ancient Kourion and Paphos. Includes hotel pickup. Price level €€ per person.",culture,pickup;full-day,limassol,Limassol,Ancient Kourion,34.6642,32.888,landmark,420,7 h,€€,person,,https://www.getyourguide.com/limassol-l32399/from-limassol-discover-the-west-t95109/,0,false,
day-trip-ancient-kourion-kolossi-castle-and-omodos-1251268,1251268,"Day trip: Ancient Kourion, Kolossi Castle & Omodos","About 7 h, from Paphos. Takes in Ancient Kourion, Kolossi Castle and Omodos. Includes hotel pickup. Price level €€ per person.",culture,pickup;full-day,limassol,Paphos,Ancient Kourion,34.6642,32.888,landmark,420,7 h,€€,person,,https://www.getyourguide.com/paphos-l426/heritage-experience-from-paphos-kourion-kolossi-omodos-t1251268/,0,false,
day-trip-caledonia-waterfall-458188,458188,Day trip: Caledonia Waterfall,"About 8 h, from Paphos. Takes in Caledonia Waterfall. Includes hotel pickup and a meal. Price level €€ per person.",culture,pickup;meal;full-day,limassol,Paphos,Caledonia Waterfall,34.901,32.868,landmark,480,8 h,€€,person,,https://www.getyourguide.com/paphos-l426/caledonia-waterfalls-walking-tour-with-lunch-t458188/,0,false,
day-trip-lefkara-and-nicosia-old-town-1444969,1444969,Day trip: Lefkara & Nicosia old town,"About 8 h, from Pissouri. Takes in Lefkara and Nicosia old town. Includes hotel pickup. Price level €€ per person.",culture,pickup;full-day,limassol,Pissouri,,34.6689,32.701,town,480,8 h,€€,person,,https://www.getyourguide.com/nicosia-l415/lefkara-nicosia-walking-tour-from-aphrodite-pissouri-bay-t1444969/,0,false,
day-trip-lefkara-and-nicosia-old-town-1444936,1444936,Day trip: Lefkara & Nicosia old town,"About 8 h, from Limassol. Takes in Lefkara and Nicosia old town. Includes hotel pickup. Price level €€ per person.",culture,pickup;full-day,limassol,Limassol,,34.68,33.04,town,480,8 h,€€,person,,https://www.getyourguide.com/nicosia-l415/lefkara-and-nicosia-guided-walking-tour-from-limassol-t1444936/,0,false,
day-trip-limassol-ancient-kourion-and-kolossi-castle-647865,647865,"Day trip: Limassol, Ancient Kourion & Kolossi Castle","About 7 h, from Paphos. Takes in Limassol, Ancient Kourion and Kolossi Castle. Includes hotel pickup. Price level €€ per person.",culture,pickup;full-day,limassol,Paphos,Ancient Kourion,34.6642,32.888,landmark,420,7 h,€€,person,,https://www.getyourguide.com/paphos-l426/from-paphosguided-tour-of-limassol-with-kourion-and-kolossi-t647865/,0,false,
day-trip-nicosia-and-famagusta-old-town-romanian-speaking-guide-741551,741551,Day trip: Nicosia & Famagusta old town (Romanian-speaking guide),"About 8 h, from Limassol. Takes in Nicosia and Famagusta old town. Includes hotel pickup. Romanian-speaking guide. Price level €€ per person.",culture,pickup;full-day;guide-romanian,limassol,Limassol,,34.68,33.04,town,480,8 h,€€,person,,https://www.getyourguide.com/paphos-l426/from-aya-napaprotaraslarnaca-cyprus-charms-in-romanian-t741551/,0,true,Famagusta
day-trip-nicosia-and-larnaca-1228697,1228697,Day trip: Nicosia & Larnaca,"About 9 h, from Limassol. Takes in Nicosia and Larnaca. Includes hotel pickup. Price level €€ per person.",culture,pickup;full-day,limassol,Limassol,,34.68,33.04,town,540,9 h,€€,person,,https://www.getyourguide.com/pano-lefkara-l127763/grand-tour-nicosia-larnaca-from-limassol-t1228697/,0,false,
day-trip-paphos-1228631,1228631,Day trip: Paphos,"About 9 h, from Limassol. Takes in Paphos. Includes hotel pickup. Price level €€ per person.",culture,pickup;full-day,limassol,Limassol,,34.68,33.04,town,540,9 h,€€,person,,https://www.getyourguide.com/paphos-l426/pafos-archaeology-beauty-tour-from-limassol-t1228631/,0,false,
day-trip-troodos-mountains-490889,490889,Day trip: Troodos Mountains,"About 8 h, from Paphos. Takes in the Troodos Mountains. Includes hotel pickup. Price level €€ per person.",culture,pickup;full-day,limassol,Paphos,Troodos Mountains,34.9227,32.878,landmark,480,8 h,€€,person,,https://www.getyourguide.com/paphos-l426/100-cyprus-troodos-mountains-and-villages-from-paphos-t490889/,0,false,
day-trip-troodos-mountains-798927,798927,Day trip: Troodos Mountains,"About 8 h, from Paphos. Takes in the Troodos Mountains. Includes hotel pickup. Price level €€ per person.",culture,pickup;full-day,limassol,Paphos,Troodos Mountains,34.9227,32.878,landmark,480,8 h,€€,person,,https://www.getyourguide.com/pano-lefkara-l127763/paphos-troodos-mountains-monasteries-villages-by-coach-t798927/,0,false,
day-trip-troodos-mountains-8-1143298,1143298,Day trip: Troodos Mountains (8 h),"About 8 h, from Limassol. Takes in the Troodos Mountains. Includes hotel pickup and a meal. Price level €€€€ per group (up to 10 guests).",culture,pickup;meal;full-day,limassol,Limassol,Troodos Mountains,34.9227,32.878,landmark,480,8 h,€€€€,group,10,https://www.getyourguide.com/troodos-l254053/troodos-greenest-countryside-walking-tour-with-lunch-t1143298/,0,false,
day-trip-troodos-mountains-9-1227529,1227529,Day trip: Troodos Mountains (9 h),"About 9 h, from Limassol. Takes in the Troodos Mountains. Includes hotel pickup. Price level €€ per person.",culture,pickup;full-day,limassol,Limassol,Troodos Mountains,34.9227,32.878,landmark,540,9 h,€€,person,,https://www.getyourguide.com/laneia-l246355/best-of-troodos-mountains-villages-t1227529/,0,false,
day-trip-troodos-mountains-and-kykkos-monastery-868890,868890,Day trip: Troodos Mountains & Kykkos Monastery,"About 9 h, from Paphos. Takes in the Troodos Mountains and Kykkos Monastery. Includes hotel pickup. Small group. Price level €€ per person.",culture,pickup;small-group;full-day,limassol,Paphos,Troodos Mountains,34.9227,32.878,landmark,540,9 h,€€,person,,https://www.getyourguide.com/paphos-l426/guided-safari-tour-troodos-mountains-and-kykkos-monastery-t868890/,0,false,
day-trip-troodos-mountains-kykkos-monastery-and-omodos-460167,460167,"Day trip: Troodos Mountains, Kykkos Monastery & Omodos","About 8 h, from Paphos. Takes in the Troodos Mountains, Kykkos Monastery and Omodos. Includes hotel pickup. Price level €€€ per person.",culture,pickup;full-day,limassol,Paphos,Troodos Mountains,34.9227,32.878,landmark,480,8 h,€€€,person,,https://www.getyourguide.com/paphos-l426/from-paphos-village-charms-troodos-kykkos-t460167/,0,false,
day-trip-troodos-mountains-kykkos-monastery-and-omodos-1213790,1213790,"Day trip: Troodos Mountains, Kykkos Monastery & Omodos","About 8 h, from Paphos. Takes in the Troodos Mountains, Kykkos Monastery and Omodos. Includes hotel pickup. Price level €€ per person.",culture,pickup;full-day,limassol,Paphos,Troodos Mountains,34.9227,32.878,landmark,480,8 h,€€,person,,https://www.getyourguide.com/paphos-l426/bus-tour-from-paphos-to-monasteries-villages-and-waterfall-t1213790/,0,false,
day-trip-troodos-mountains-omodos-and-kykkos-monastery-407203,407203,"Day trip: Troodos Mountains, Omodos & Kykkos Monastery","About 8 h, from Paphos. Takes in the Troodos Mountains, Omodos and Kykkos Monastery. Includes hotel pickup. Price level €€ per person.",culture,pickup;full-day,limassol,Paphos,Troodos Mountains,34.9227,32.878,landmark,480,8 h,€€,person,,https://www.getyourguide.com/omodos-l127693/paphos-tour-to-troodos-kykkos-monastery-omodos-and-winery-t407203/,0,false,
half-day-tour-troodos-mountains-1444901,1444901,Half-day tour: Troodos Mountains,"About 4 h, from Paphos. Takes in the Troodos Mountains. Includes hotel pickup. Price level €€ per person.",culture,pickup;half-day,limassol,Paphos,Troodos Mountains,34.9227,32.878,landmark,240,4 h,€€,person,,https://www.getyourguide.com/troodos-l254053/half-day-troodos-mountains-village-tour-art-museum-visit-t1444901/,0,false,
planetarium-painted-churches-and-mine-tour-1215751,1215751,"Planetarium, painted churches & mine tour","About 5 h, from Limassol. Includes hotel pickup. Small group. Price level €€€ per person.",culture,pickup;small-group;half-day,limassol,Limassol,,34.68,33.04,town,300,5 h,€€€,person,,https://www.getyourguide.com/europe-l207848/cyprus-planetarium-churches-and-mine-tour-t1215751/,0,false,
private-day-trip-kyrenia-940392,940392,Private day trip: Kyrenia,"About 8 h, from Limassol. Takes in Kyrenia. Includes hotel pickup. Private for up to 6 guests. Price level €€€€ per group (up to 6 guests).",culture,pickup;private;full-day,limassol,Limassol,,34.68,33.04,town,480,8 h,€€€€,group,6,https://www.getyourguide.com/kyrenia-l924/limassol-tour-kyrenia-st-hilarion-and-bellapais-abbey-t940392/,0,true,Kyrenia
private-day-trip-larnaca-and-nicosia-939848,939848,Private day trip: Larnaca & Nicosia,"About 7 h, from Limassol. Takes in Larnaca and Nicosia. Includes hotel pickup. Private for up to 6 guests. Price level €€€€ per group (up to 6 guests).",culture,pickup;private;full-day,limassol,Limassol,,34.68,33.04,town,420,7 h,€€€€,group,6,https://www.getyourguide.com/larnaca-l1587/limassol-larnaca-and-nicosia-north-cyprus-private-tour-t939848/,0,false,
private-day-trip-limassol-heritage-and-highlights-1335478,1335478,Private day trip: Limassol heritage & highlights,"About 7 h, from Limassol. Includes hotel pickup. Private for up to 6 guests. Price level €€€€ per group (up to 6 guests).",culture,pickup;private;full-day,limassol,Limassol,,34.68,33.04,town,420,7 h,€€€€,group,6,https://www.getyourguide.com/limassol-l32399/secrets-of-cyprus-caves-castles-and-coastal-legends-tour-t1335478/,0,true,Kyrenia
private-day-trip-troodos-mountains-1034558,1034558,Private day trip: Troodos Mountains,"About 8.5 h, from Nicosia. Takes in the Troodos Mountains. Includes hotel pickup and a meal. Private. Price level €€€€ per person.",culture,pickup;meal;private;full-day,limassol,Nicosia,Troodos Mountains,34.9227,32.878,landmark,510,8.5 h,€€€€,person,,https://www.getyourguide.com/limassol-l32399/private-tour-troodos-mountain-waterfall-villages-lunch-t1034558/,0,false,
private-day-trip-troodos-mountains-kykkos-monastery-and-446386,446386,"Private day trip: Troodos Mountains, Kykkos Monastery & Aphrodite's Rock","About 8 h, from Limassol. Takes in the Troodos Mountains, Kykkos Monastery and Aphrodite's Rock. Includes hotel pickup. Private for up to 6 guests. Price level €€€€ per group (up to 6 guests).",culture,pickup;private;full-day,limassol,Limassol,Troodos Mountains,34.9227,32.878,landmark,480,8 h,€€€€,group,6,https://www.getyourguide.com/limassol-l32399/limassol-troodos-kykkos-monastery-omodos-and-winery-tour-t446386/,0,false,
private-half-day-tour-ancient-kourion-1324565,1324565,Private half-day tour: Ancient Kourion,About 5 h. Takes in Ancient Kourion. Includes hotel pickup. Private. Price level €€€ per person.,culture,pickup;private;half-day,limassol,,Ancient Kourion,34.6642,32.888,landmark,300,5 h,€€€,person,,https://www.getyourguide.com/akrotiri-akrotiri-and-dhekelia-l257788/cyprus-ancient-kourion-and-apollon-hylates-temple-tour-t1324565/,0,false,
private-shore-excursion-olive-farm-lefkara-and-limassol-1033559,1033559,"Private shore excursion: olive farm, Lefkara & Limassol","About 5.5 h, from Limassol. Takes in Lefkara. Includes hotel pickup. Private for up to 6 guests. Price level €€€€ per group (up to 6 guests).",culture,pickup;private;half-day,limassol,Limassol,Limassol old town,34.6722,33.0417,landmark,330,5.5 h,€€€€,group,6,https://www.getyourguide.com/pano-lefkara-l127763/limassol-shore-excursion-olive-farm-crafts-old-limassol-t1033559/,0,false,
private-shore-excursion-paphos-458037,458037,Private shore excursion: Paphos,"About 5.5 h, from Limassol. Takes in Paphos. Includes hotel pickup. Private for up to 6 guests. Price level €€€€ per group (up to 6 guests).",culture,pickup;private;half-day,limassol,Limassol,,34.68,33.04,town,330,5.5 h,€€€€,group,6,https://www.getyourguide.com/paphos-l426/limassol-shore-excursion-to-paphos-from-past-to-present-t458037/,0,false,
private-walking-tour-limassol-old-town-2-6-80637,80637,Private walking tour: Limassol old town (2–6 h),"About 2–6 h, from Limassol. Includes hotel pickup. Private. Price level €€ per person.",culture,pickup;private;short,limassol,Limassol,,34.68,33.04,town,120,2–6 h,€€,person,,https://www.getyourguide.com/limassol-l32399/limassol-private-walking-tour-with-a-local-t80637/,0,false,
private-walking-tour-limassol-old-town-3-5-614120,614120,Private walking tour: Limassol old town (3.5 h),"About 3.5 h, from Limassol. Private. Price level €€€ per person.",culture,private;half-day,limassol,Limassol,Limassol old town,34.6722,33.0417,landmark,210,3.5 h,€€€,person,,https://www.getyourguide.com/limassol-l32399/limassol-private-walking-tour-with-a-local-guide-t614120/,0,false,
walking-tour-limassol-old-town-1097385,1097385,Walking tour: Limassol old town,"About 2 h, from Limassol. Small group. Price level € per person.",culture,small-group;short,limassol,Limassol,Limassol Marina,34.6696,33.0402,landmark,120,2 h,€,person,,https://www.getyourguide.com/limassol-l32399/limassol-walking-tour-a-local-architect-s-insight-t1097385/,0,false,
guided-wreck-dive-1347285,1347285,Guided wreck dive,"About 2.5 h, from Limassol. Small group. Price level €€€ per person.",diving,small-group;short,limassol,Limassol,Limassol Marina,34.6696,33.0402,landmark,150,2.5 h,€€€,person,,https://www.getyourguide.com/limassol-l32399/limassol-shipwreck-dive-with-guide-t1347285/,0,false,
private-snorkelling-trip-868013,868013,Private snorkelling trip,"About 2 h, from Limassol. Includes a meal. Private for up to 7 guests. Price level €€€€ per group (up to 7 guests).",diving,meal;private;short,limassol,Limassol,Limassol Marina,34.6696,33.0402,landmark,120,2 h,€€€€,group,7,https://www.getyourguide.com/limassol-l32399/limassol-boat-trip-with-swimming-stop-t868013/,0,false,
try-dive-for-beginners-1-5-1362875,1362875,Try-dive for beginners (1.5 h),"About 1.5 h, from Limassol. Small group, no experience needed. Price level €€€ per person.",diving,small-group;beginners;short,limassol,Limassol,Limassol Marina,34.6696,33.0402,landmark,90,1.5 h,€€€,person,,https://www.getyourguide.com/limassol-l32399/limassol-try-scuba-diving-experience-t1362875/,0,false,
try-dive-for-beginners-2-5-1262926,1262926,Try-dive for beginners (2.5 h),"About 2.5 h, from Limassol. Small group, no experience needed. Price level €€€ per person.",diving,small-group;beginners;short,limassol,Limassol,Limassol Marina,34.6696,33.0402,landmark,150,2.5 h,€€€,person,,https://www.getyourguide.com/limassol-l32399/cyprus-discover-scuba-diving-experience-for-beginners-t1262926/,0,false,
turtle-spotting-snorkel-trip-1262999,1262999,Turtle-spotting snorkel trip,"About 2 h, from Limassol. Small group. Price level €€ per person.",diving,small-group;short,limassol,Limassol,Limassol Marina,34.6696,33.0402,landmark,120,2 h,€€,person,,https://www.getyourguide.com/limassol-l32399/limassol-boat-trip-with-guided-seabob-snorkeling-tour-t1262999/,0,false,
beekeeping-visit-and-honey-tasting-with-a-cooking-class-1348294,1348294,Beekeeping visit & honey tasting with a cooking class,"About 8 h, from Troodos. Includes hotel pickup and a meal. Price level €€€ per person.",food,pickup;meal;full-day,limassol,Troodos,Troodos Mountains,34.9227,32.878,landmark,480,8 h,€€€,person,,https://www.getyourguide.com/troodos-l254053/cyprus-bee-sanctuary-farm-to-table-cooking-class-t1348294/,0,false,
cheese-making-and-mountain-villages-day-trip-400925,400925,Cheese-making & mountain-villages day trip,"About 7.5 h, from Limassol. Includes hotel pickup and a meal. Small group. Price level €€€ per person.",food,pickup;meal;small-group;full-day,limassol,Limassol,,34.68,33.04,town,450,7.5 h,€€€,person,,https://www.getyourguide.com/limassol-district-l127698/cyprus-mountain-towns-and-cheesemaking-day-trip-with-brunch-t400925/,0,false,
cypriot-baking-class-with-a-local-family-1276865,1276865,Cypriot baking class with a local family,"About 3 h, from Limassol. Includes a meal. Good for families. Price level €€ per person.",food,meal;family;half-day,limassol,Limassol,,34.68,33.04,town,180,3 h,€€,person,,https://www.getyourguide.com/limassol-district-l127698/pano-kivides-cypriot-cooking-class-with-local-family-t1276865/,0,false,
cypriot-cooking-class-in-a-village-home-with-a-meal-1280303,1280303,Cypriot cooking class in a village home with a meal,"About 3 h, from Limassol. Includes a meal. Price level €€ per person.",food,meal;half-day,limassol,Limassol,,34.68,33.04,town,180,3 h,€€,person,,https://www.getyourguide.com/europe-l207848/pano-kivides-cyprus-village-food-with-a-family-touch-t1280303/,0,false,
cypriot-cooking-class-with-a-meal-1139745,1139745,Cypriot cooking class with a meal,"About 4 h, from Pissouri. Includes hotel pickup and a meal. Price level €€€ per person.",food,pickup;meal;half-day,limassol,Pissouri,,34.6689,32.701,town,240,4 h,€€€,person,,https://www.getyourguide.com/pissouri-l256535/master-cooking-class-followed-by-lunch-dinner-pissouri-t1139745/,0,false,
food-and-tasting-tour-larnaca-1069302,1069302,Food & tasting tour: Larnaca,"About 8.5–10 h, from Limassol. Takes in Larnaca. Includes hotel pickup and a meal. Price level €€€ per person.",food,pickup;meal;full-day,limassol,Limassol,,34.68,33.04,town,510,8.5–10 h,€€€,person,,https://www.getyourguide.com/limassol-l32399/cypriot-flavors-food-tastings-workshops-in-the-larnaca-area-t1069302/,0,false,
food-and-tasting-tour-lefkara-1142072,1142072,Food & tasting tour: Lefkara,"About 8 h, from Kato Polemidia. Takes in Lefkara. Includes hotel pickup and a meal. Price level €€€ per person.",food,pickup;meal;full-day,limassol,Kato Polemidia,,34.6905,33.0034,town,480,8 h,€€€,person,,https://www.getyourguide.com/kato-polemidia-l255280/culinary-experiences-tour-with-lunch-lefkara-and-kato-drys-t1142072/,0,false,
food-and-tasting-tour-troodos-mountains-1142139,1142139,Food & tasting tour: Troodos Mountains,"About 8 h, from Troodos. Takes in the Troodos Mountains. Includes hotel pickup and a meal. Price level €€€ per person.",food,pickup;meal;full-day,limassol,Troodos,Troodos Mountains,34.9227,32.878,landmark,480,8 h,€€€,person,,https://www.getyourguide.com/limassol-l32399/troodos-mountains-intangible-heritage-tour-with-tastings-t1142139/,0,false,
food-and-wine-tour-troodos-mountains-400537,400537,Food & wine tour: Troodos Mountains,"About 8.5 h, from Limassol. Takes in the Troodos Mountains. Includes hotel pickup and a meal. Small group. Price level €€€ per person.",food,pickup;meal;small-group;full-day,limassol,Limassol,Troodos Mountains,34.9227,32.878,landmark,510,8.5 h,€€€,person,,https://www.getyourguide.com/limassol-l32399/cyprus-troodos-mountain-food-wine-tasting-tour-with-lunch-t400537/,0,false,
herbal-elixir-workshop-at-a-boutique-winery-1408370,1408370,Herbal-elixir workshop at a boutique winery,"About 1.5 h, from Limassol. Price level € per person.",food,short,limassol,Limassol,,34.68,33.04,town,90,1.5 h,€,person,,https://www.getyourguide.com/limassol-l32399/limassol-herbal-elixir-workshop-at-pyrgos-boutique-winery-t1408370/,0,false,
luxury-beach-picnic-1390541,1390541,Luxury beach picnic,"About 2 h, from Limassol. Includes a meal. Private. Price level €€€ per person.",food,meal;private;short,limassol,Limassol,,34.68,33.04,town,120,2 h,€€€,person,,https://www.getyourguide.com/limassol-l32399/cyprus-luxury-beach-picnic-experience-with-optional-extras-t1390541/,0,false,
olive-oil-and-mountain-village-tour-troodos-mountains-and-mount-965592,965592,Olive-oil & mountain-village tour: Troodos Mountains & Mount Olympus,"About 8 h, from Paphos. Takes in the Troodos Mountains and Mount Olympus. Includes hotel pickup. Price level €€€€ per group (up to 10 guests).",food,pickup;full-day,limassol,Paphos,Troodos Mountains,34.9227,32.878,landmark,480,8 h,€€€€,group,10,https://www.getyourguide.com/paphos-l426/traditions-of-cyprus-pasteli-olive-oil-wine-mythology-t965592/,0,false,
private-cypriot-cooking-class-in-a-village-home-with-a-meal-1252058,1252058,Private Cypriot cooking class in a village home with a meal,"About 3 h, from Eptagonia. Includes a meal. Private for up to 4 guests. Price level €€€€ per group (up to 4 guests).",food,meal;private;half-day,limassol,Eptagonia,,34.8468,33.1584,town,180,3 h,€€€€,group,4,https://www.getyourguide.com/eptagonia-l270036/authentic-cypriot-cooking-class-in-a-village-home-t1252058/,0,false,
private-food-and-wine-tour-limassol-area-wineries-939654,939654,Private food & wine tour: Limassol area wineries,"About 7.5 h, from Limassol. Includes hotel pickup. Private for up to 6 guests. Price level €€€€ per group (up to 6 guests).",food,pickup;private;full-day,limassol,Limassol,,34.68,33.04,town,450,7.5 h,€€€€,group,6,https://www.getyourguide.com/foini-l228448/limassol-authentic-gourmet-tour-with-wine-and-food-tasting-t939654/,0,false,
private-wine-tour-troodos-mountains-474904,474904,Private wine tour: Troodos Mountains,"About 6.5 h, from Troodos. Takes in the Troodos Mountains. Includes hotel pickup. Private. Price level €€€ per person.",food,pickup;private;full-day,limassol,Troodos,Troodos Mountains,34.9227,32.878,landmark,390,6.5 h,€€€,person,,https://www.getyourguide.com/omodos-l127693/troodos-mountains-private-tour-including-a-wine-tasting-t474904/,0,false,
private-wine-tour-troodos-mountains-1326776,1326776,Private wine tour: Troodos Mountains,"About 6 h, from Omodos. Takes in the Troodos Mountains. Includes hotel pickup. Private for up to 6 guests. Price level €€€€ per group (up to 6 guests).",food,pickup;private;full-day,limassol,Omodos,Troodos Mountains,34.9227,32.878,landmark,360,6 h,€€€€,group,6,https://www.getyourguide.com/pano-lefkara-l127763/hidden-troodos-tour-villages-wine-mountain-beauty-t1326776/,0,false,
private-wine-tour-troodos-mountains-551092,551092,Private wine tour: Troodos Mountains,"About 8 h, from Paphos. Takes in the Troodos Mountains. Includes hotel pickup. Private for up to 7 guests. Price level €€€€ per group (up to 7 guests).",food,pickup;private;full-day,limassol,Paphos,Troodos Mountains,34.9227,32.878,landmark,480,8 h,€€€€,group,7,https://www.getyourguide.com/paphos-l426/troodos-mountains-free-wine-tasting-max-7p-group-full-ac-t551092/,0,false,
private-wine-tour-troodos-mountains-5-5-1033072,1033072,Private wine tour: Troodos Mountains (5.5 h),"About 5.5 h, from Limassol. Takes in the Troodos Mountains. Includes hotel pickup. Private for up to 6 guests. Price level €€€€ per group (up to 6 guests).",food,pickup;private;half-day,limassol,Limassol,Troodos Mountains,34.9227,32.878,landmark,330,5.5 h,€€€€,group,6,https://www.getyourguide.com/omodos-l127693/limassol-shore-excursion-to-troodos-villages-and-winery-t1033072/,0,false,
private-wine-tour-troodos-mountains-7-5-938072,938072,Private wine tour: Troodos Mountains (7.5 h),"About 7.5 h, from Limassol. Takes in the Troodos Mountains. Includes hotel pickup. Private for up to 6 guests. Price level €€€€ per group (up to 6 guests).",food,pickup;private;full-day,limassol,Limassol,Troodos Mountains,34.9227,32.878,landmark,450,7.5 h,€€€€,group,6,https://www.getyourguide.com/limassol-l32399/limassol-beauty-nature-and-charm-of-troodos-mountains-t938072/,0,false,
wine-tour-ancient-kourion-and-vouni-536961,536961,Wine tour: Ancient Kourion & Vouni,"About 8 h, from Limassol. Takes in Ancient Kourion and Vouni. Includes hotel pickup and a meal. Price level €€€ per person.",food,pickup;meal;full-day,limassol,Limassol,Ancient Kourion,34.6642,32.888,landmark,480,8 h,€€€,person,,https://www.getyourguide.com/omodos-l127693/ancient-kourion-kolossi-castle-omodos-winery-tour-t536961/,0,false,
wine-tour-commandaria-wine-villages-with-lunch-1143164,1143164,Wine tour: Commandaria wine villages with lunch,"About 7.5 h, from Troodos. Includes hotel pickup and a meal. Price level €€€ per person.",food,pickup;meal;full-day,limassol,Troodos,Troodos Mountains,34.9227,32.878,landmark,450,7.5 h,€€€,person,,https://www.getyourguide.com/limassol-district-l127698/commandaria-zone-wine-villages-winery-tour-with-lunch-t1143164/,0,false,
wine-tour-koilani-and-vouni-1192897,1192897,Wine tour: Koilani & Vouni,"About 5 h, from Omodos. Takes in Koilani and Vouni. Includes hotel pickup. Small group. Price level €€ per person.",food,pickup;small-group;half-day,limassol,Omodos,,34.848,32.8078,town,300,5 h,€€,person,,https://www.getyourguide.com/limassol-district-l127698/guided-wine-village-tour-koilani-vouni-omodos-t1192897/,0,false,
wine-tour-limassol-area-wineries-1459755,1459755,Wine tour: Limassol area wineries,"About 4 h, from Limassol. Includes a meal. Small group. Price level €€€ per person.",food,meal;small-group;half-day,limassol,Limassol,,34.68,33.04,town,240,4 h,€€€,person,,https://www.getyourguide.com/limassol-l32399/de-vine-tours-cyprus-s-exclusive-wine-tour-t1459755/,0,false,
wine-tour-omodos-593108,593108,Wine tour: Omodos,"About 8 h, from Limassol. Takes in Omodos. Includes hotel pickup and a meal. Price level €€ per person.",food,pickup;meal;full-day,limassol,Limassol,,34.68,33.04,town,480,8 h,€€,person,,https://www.getyourguide.com/omodos-l127693/limassol-omodos-wine-tasting-tour-t593108/,0,false,
wine-tour-troodos-mountains-1116884,1116884,Wine tour: Troodos Mountains,"About 8 h, from Paphos. Takes in the Troodos Mountains. Includes hotel pickup. Small group. Price level €€ per person.",food,pickup;small-group;full-day,limassol,Paphos,Troodos Mountains,34.9227,32.878,landmark,480,8 h,€€,person,,https://www.getyourguide.com/paphos-l426/super-andreas-from-paphos-one-day-trip-to-the-mountains-and-villages-of-troodos-t1116884/,0,false,
wine-tour-troodos-mountains-284847,284847,Wine tour: Troodos Mountains,"About 7 h, from Limassol. Takes in the Troodos Mountains. Includes hotel pickup. Small group. Price level €€€ per person.",food,pickup;small-group;full-day,limassol,Limassol,Troodos Mountains,34.9227,32.878,landmark,420,7 h,€€€,person,,https://www.getyourguide.com/limassol-l32399/limassol-troodos-mountain-wine-tour-with-a-local-t284847/,0,false,
wine-tour-troodos-mountains-407247,407247,Wine tour: Troodos Mountains,"About 8 h, from Paphos. Takes in the Troodos Mountains. Includes hotel pickup. Price level €€ per person.",food,pickup;full-day,limassol,Paphos,Troodos Mountains,34.9227,32.878,landmark,480,8 h,€€,person,,https://www.getyourguide.com/omodos-l127693/paphos-beauty-nature-and-charm-of-troodos-mountains-t407247/,0,false,
wine-tour-troodos-mountains-955200,955200,Wine tour: Troodos Mountains,"About 8 h, from Paphos. Takes in the Troodos Mountains. Includes hotel pickup. Price level €€ per person.",food,pickup;full-day,limassol,Paphos,Troodos Mountains,34.9227,32.878,landmark,480,8 h,€€,person,,https://www.getyourguide.com/omodos-l127693/paphos-troodos-mountains-villages-tour-with-wine-tasting-t955200/,0,false,
wine-tour-troodos-mountains-and-agros-1181207,1181207,Wine tour: Troodos Mountains & Agros,"About 6 h, from Troodos. Takes in the Troodos Mountains and Agros. Includes hotel pickup. Small group. Price level €€ per person.",food,pickup;small-group;full-day,limassol,Troodos,Troodos Mountains,34.9227,32.878,landmark,360,6 h,€€,person,,https://www.getyourguide.com/limassol-district-l127698/troodos-mountains-agros-village-rose-factory-winery-tour-t1181207/,0,false,
wine-tour-troodos-mountains-and-kykkos-monastery-1291310,1291310,Wine tour: Troodos Mountains & Kykkos Monastery,"About 9 h, from Paphos. Takes in the Troodos Mountains and Kykkos Monastery. Includes hotel pickup. Price level €€ per person.",food,pickup;full-day,limassol,Paphos,Troodos Mountains,34.9227,32.878,landmark,540,9 h,€€,person,,https://www.getyourguide.com/troodos-l254053/troodos-mountains-kykkos-monastery-winery-adventure-t1291310/,0,false,
wine-tour-troodos-mountains-platres-and-omodos-1018449,1018449,"Wine tour: Troodos Mountains, Platres & Omodos","About 7 h, from Limassol. Takes in the Troodos Mountains, Platres and Omodos. Includes hotel pickup. Small group. Price level €€€ per person.",food,pickup;small-group;full-day,limassol,Limassol,Troodos Mountains,34.9227,32.878,landmark,420,7 h,€€€,person,,https://www.getyourguide.com/pano-platres-l225849/platres-omodos-tour-with-wine-chocolate-walks-clicks-t1018449/,0,false,
winery-tour-and-wine-tasting-1353664,1353664,Winery tour & wine tasting,"About 1 h 10 min, from Limassol. Includes a meal. Price level € per person.",food,meal;short,limassol,Limassol,,34.68,33.04,town,70,1 h 10 min,€,person,,https://www.getyourguide.com/limassol-l32399/limassol-wine-herb-tasting-experience-t1353664/,0,false,
amiantos-mine-walk-with-a-geologist-1206560,1206560,Amiantos mine walk with a geologist,"About 3 h, from Amiantos. Small group. Price level €€ per person.",nature,small-group;half-day,limassol,Amiantos,Troodos Mountains,34.9227,32.878,landmark,180,3 h,€€,person,,https://www.getyourguide.com/kato-amiantos-l270275/amiantos-asbestos-mine-walking-tour-with-geologist-guide-t1206560/,0,false,
geoheritage-walk-kalopanayiotis-1481010,1481010,Geoheritage walk: Kalopanayiotis,"About 1.5 h, from Kalopanayiotis. Small group. Price level €€ per person.",nature,small-group;short,limassol,Kalopanayiotis,Troodos Mountains,34.9227,32.878,landmark,90,1.5 h,€€,person,,https://www.getyourguide.com/kalopanayiotis-l127743/kalopanayiotis-guided-geoheritage-walk-with-spring-bridge-t1481010/,0,false,
golden-hour-photography-hike-troodos-mountains-1370531,1370531,Golden-hour photography hike: Troodos Mountains,"About 3 h, from Troodos. Takes in the Troodos Mountains. Small group. Price level €€ per person.",nature,small-group;half-day,limassol,Troodos,Troodos Mountains,34.9227,32.878,landmark,180,3 h,€€,person,,https://www.getyourguide.com/troodos-l254053/mount-olympus-golden-hour-geophotography-hike-t1370531/,0,false,
guided-waterfall-hike-1280340,1280340,Guided waterfall hike,"About 2 h, from Gerovasa. Small group. Price level €€ per person.",nature,small-group;short,limassol,Gerovasa,,34.8141,32.7363,town,120,2 h,€€,person,,https://www.getyourguide.com/gerovasa-l295375/cyprus-paradision-waterfall-hike-with-picnic-t1280340/,0,false,
private-day-trip-troodos-mountains-1495650,1495650,Private day trip: Troodos Mountains,"About 10 h, from Limassol. Takes in the Troodos Mountains. Private. Price level €€€€ per person.",nature,private;full-day,limassol,Limassol,Troodos Mountains,34.9227,32.878,landmark,600,10 h,€€€€,person,,https://www.getyourguide.com/pano-lefkara-l127763/discover-troodos-private-full-day-tour-from-limassol-t1495650/,0,false,
private-guided-hike-troodos-mountains-203416,203416,Private guided hike: Troodos Mountains,"About 8–10 h, from Troodos. Takes in the Troodos Mountains. Includes hotel pickup. Private for up to 2 guests. Price level €€€€ per group (up to 2 guests).",nature,pickup;private;full-day,limassol,Troodos,Troodos Mountains,34.9227,32.878,landmark,480,8–10 h,€€€€,group,2,https://www.getyourguide.com/limassol-l32399/nicosia-cyprus-walking-trip-t203416/,0,false,
private-waterfall-and-villages-tour-1324179,1324179,Private waterfall & villages tour,"About 5 h, from Kakopetria. Includes hotel pickup. Private. Price level €€€ per person.",nature,pickup;private;half-day,limassol,Kakopetria,Troodos Mountains,34.9227,32.878,landmark,300,5 h,€€€,person,,https://www.getyourguide.com/kakopetria-l127703/kakopetria-cyprus-personal-tour-with-waterfall-visit-t1324179/,0,false,
troodos-geopark-hiking-day-trip-1427358,1427358,Troodos Geopark hiking day trip,"About 8 h, from Limassol. Takes in the Troodos Mountains. Price level €€ per person.",nature,full-day,limassol,Limassol,Troodos Mountains,34.9227,32.878,landmark,480,8 h,€€,person,,https://www.getyourguide.com/limassol-l32399/from-limassol-troodos-mountains-hiking-day-trip-t1427358/,0,false,
troodos-geopark-hiking-day-trip-955703,955703,Troodos Geopark hiking day trip,"A full day, from Amiantos. Takes in the Troodos Mountains and Paphos. Includes a meal. Private. Price level €€€ per person.",nature,meal;private;full-day,limassol,Amiantos,Troodos Mountains,34.9227,32.878,landmark,1440,full day,€€€,person,,https://www.getyourguide.com/kykkos-monastery-l127713/cyprus-troodos-geopark-or-pafos-forest-villages-tour-t955703/,0,false,
volcanic-geology-hike-with-a-geologist-troodos-mountains-1282990,1282990,Volcanic geology hike with a geologist: Troodos Mountains,"About 3 h, from Troodos. Takes in the Troodos Mountains. Small group. Price level €€ per person.",nature,small-group;half-day,limassol,Troodos,Troodos Mountains,34.9227,32.878,landmark,180,3 h,€€,person,,https://www.getyourguide.com/troodos-l254053/cyprus-troodos-mountains-volcanic-hike-with-picnic-t1282990/,0,false,
full-day-jeep-safari-615846,615846,Full-day jeep safari,"About 8 h, from Limassol. Includes hotel pickup. Small group. Price level €€€ per person.",safari,pickup;small-group;full-day,limassol,Limassol,,34.68,33.04,town,480,8 h,€€€,person,,https://www.getyourguide.com/limassol-l32399/from-limassol-grand-tour-jeep-safari-t615846/,0,false,
full-day-jeep-safari-in-the-troodos-mountains-1321540,1321540,Full-day jeep safari in the Troodos Mountains,"About 9 h, from Limassol. Takes in the Troodos Mountains. Includes hotel pickup. Price level €€ per person.",safari,pickup;full-day,limassol,Limassol,Troodos Mountains,34.9227,32.878,landmark,540,9 h,€€,person,,https://www.getyourguide.com/troodos-l254053/troodos-jeep-adventure-tour-from-limassol-t1321540/,0,false,
full-day-jeep-safari-in-the-troodos-mountains-597817,597817,Full-day jeep safari in the Troodos Mountains,"About 8 h, from Paphos. Takes in the Troodos Mountains. Includes hotel pickup. Price level €€ per person.",safari,pickup;full-day,limassol,Paphos,Troodos Mountains,34.9227,32.878,landmark,480,8 h,€€,person,,https://www.getyourguide.com/paphos-l426/paphos-half-day-city-tour-private-t597817/,0,false,
full-day-jeep-safari-in-the-troodos-mountains-616794,616794,Full-day jeep safari in the Troodos Mountains,"About 8 h, from Paphos. Takes in the Troodos Mountains. Includes hotel pickup. Small group. Price level €€ per person.",safari,pickup;small-group;full-day,limassol,Paphos,Troodos Mountains,34.9227,32.878,landmark,480,8 h,€€,person,,https://www.getyourguide.com/paphos-l426/from-paphos-troodos-jeep-safari-t616794/,0,false,
full-day-jeep-safari-in-the-troodos-mountains-and-aphrodite-s-705144,705144,Full-day jeep safari in the Troodos Mountains & Aphrodite's Rock,"About 7 h, from Omodos. Takes in the Troodos Mountains and Aphrodite's Rock. Includes hotel pickup. Small group. Price level €€ per person.",safari,pickup;small-group;full-day,limassol,Omodos,Troodos Mountains,34.9227,32.878,landmark,420,7 h,€€,person,,https://www.getyourguide.com/paphos-l426/jeep-safari-in-troodos-afrotide-s-rock-cyprus-t705144/,0,false,
full-day-jeep-safari-in-the-troodos-mountains-with-wine-tasting-552235,552235,Full-day jeep safari in the Troodos Mountains with wine tasting (8 h),"About 8 h, from Paphos. Takes in the Troodos Mountains. Includes hotel pickup. Small group. Price level €€ per person.",safari,pickup;small-group;full-day,limassol,Paphos,Troodos Mountains,34.9227,32.878,landmark,480,8 h,€€,person,,https://www.getyourguide.com/paphos-l426/paphos-troodos-mountains-4x4-tour-with-free-wine-tasting-t552235/,0,false,
full-day-jeep-safari-in-the-troodos-mountains-with-wine-tasting-652796,652796,Full-day jeep safari in the Troodos Mountains with wine tasting (9 h),"About 9 h, from Paphos. Takes in the Troodos Mountains. Includes hotel pickup. Small group. Price level €€ per person.",safari,pickup;small-group;full-day,limassol,Paphos,Troodos Mountains,34.9227,32.878,landmark,540,9 h,€€,person,,https://www.getyourguide.com/paphos-l426/paphos-troodos-mountains-and-aphrodite-s-rock-4x4-tour-t652796/,0,false,
full-day-land-rover-safari-in-the-troodos-mountains-and-kykkos-534466,534466,Full-day Land Rover safari in the Troodos Mountains & Kykkos Monastery,"About 8 h, from Paphos. Takes in the Troodos Mountains and Kykkos Monastery. Includes hotel pickup. Small group. Price level €€ per person.",safari,pickup;small-group;full-day,limassol,Paphos,Troodos Mountains,34.9227,32.878,landmark,480,8 h,€€,person,,https://www.getyourguide.com/omodos-l127693/paphos-troodos-kykkos-land-rover-treasure-jeep-safari-t534466/,0,false,
jeep-safari-in-the-troodos-mountains-823662,823662,Jeep safari in the Troodos Mountains,"From Paphos. Takes in the Troodos Mountains. Includes hotel pickup. Small group, French-speaking guide. Price level €€ per person.",safari,pickup;small-group;guide-french,limassol,Paphos,Troodos Mountains,34.9227,32.878,landmark,,,€€,person,,https://www.getyourguide.com/paphos-l426/paphos-cyprus-troodos-jeep-safari-in-english-in-french-too-t823662/,0,false,
private-full-day-jeep-safari-in-the-troodos-mountains-with-wine-1278431,1278431,Private full-day jeep safari in the Troodos Mountains with wine tasting,"About 8 h, from Paphos. Takes in the Troodos Mountains. Includes hotel pickup. Private for up to 8 guests. Price level €€€€ per group (up to 8 guests).",safari,pickup;private;full-day,limassol,Paphos,Troodos Mountains,34.9227,32.878,landmark,480,8 h,€€€€,group,8,https://www.getyourguide.com/foini-l228448/from-paphos-troodos-private-4x4-safari-with-picnic-winery-t1278431/,0,false,
quad-bike-safari-in-the-troodos-mountains-1268343,1268343,Quad-bike safari in the Troodos Mountains,"About 4 h, from Agros. Takes in the Troodos Mountains. Small group. Price level €€€ per person.",safari,small-group;half-day,limassol,Agros,Troodos Mountains,34.9227,32.878,landmark,240,4 h,€€€,person,,https://www.getyourguide.com/agros-l270198/troodos-mountains-atv-safari-t1268343/,0,false,
guided-pub-crawl-1232672,1232672,Guided pub crawl,"About 4 h, from Limassol. Price level € per person.",sightseeing,half-day,limassol,Limassol,,34.68,33.04,town,240,4 h,€,person,,https://www.getyourguide.com/limassol-l32399/limassol-guided-pub-crawl-with-welcome-shots-t1232672/,0,false,
half-day-tour-limassol-highlights-french-speaking-guide-1069248,1069248,Half-day tour: Limassol highlights (French-speaking guide),"About 4 h, from Limassol. Includes hotel pickup. French-speaking guide. Price level €€ per person.",sightseeing,pickup;half-day;guide-french,limassol,Limassol,Limassol old town,34.6722,33.0417,landmark,240,4 h,€€,person,,https://www.getyourguide.com/limassol-l32399/limassol-half-day-guided-french-speaking-tour-from-limassol-t1069248/,0,false,
village-traditions-experience-with-lunch-1140553,1140553,Village traditions experience with lunch,"About 7 h, from Anogyra. Includes hotel pickup and a meal. Price level €€€ per person.",sightseeing,pickup;meal;full-day,limassol,Anogyra,Troodos Mountains,34.9227,32.878,landmark,420,7 h,€€€,person,,https://www.getyourguide.com/anogyra-l127733/anogyra-traditional-revivals-tour-t1140553/,0,false,
paradox-museum-entry-ticket-461760,461760,Paradox Museum entry ticket,"About 1 h, from Limassol. Takes in Paradox Museum. Price level € per person.",tickets,short,limassol,Limassol,Paradox Museum,34.6706,33.0406,landmark,60,1 h,€,person,,https://www.getyourguide.com/limassol-l32399/limassol-paradox-museum-entry-ticket-t461760/,0,false,
bike-tour-nicosia-old-town-3-683577,683577,Bike tour: Nicosia old town (3 h),"About 3 h, from Nicosia. Takes in Nicosia old town. Small group. Price level €€ per person.",culture,small-group;half-day,nicosia,Nicosia,Nicosia old town,35.1753,33.362,landmark,180,3 h,€€,person,,https://www.getyourguide.com/nicosia-l415/nicosia-walled-city-bike-tour-t683577/,0,true,Kyrenia
bike-tour-nicosia-old-town-3-5-1283100,1283100,Bike tour: Nicosia old town (3.5 h),"About 3.5 h, from Nicosia. Takes in Nicosia old town. Price level €€ per person.",culture,half-day,nicosia,Nicosia,Nicosia old town,35.1753,33.362,landmark,210,3.5 h,€€,person,,https://www.getyourguide.com/nicosia-l415/nicosia-guided-city-highlights-old-town-bike-tour-t1283100/,0,false,
day-trip-kyrenia-and-bellapais-abbey-1307762,1307762,Day trip: Kyrenia & Bellapais Abbey,"About 9 h, from Nicosia. Takes in Kyrenia and Bellapais Abbey. Includes hotel pickup. Price level €€€ per person.",culture,pickup;full-day,nicosia,Nicosia,,35.17,33.36,town,540,9 h,€€€,person,,https://www.getyourguide.com/kyrenia-l924/kyrenia-bellapais-abbey-and-nicosia-tour-t1307762/,0,true,Kyrenia
day-trip-nicosia-old-town-1261851,1261851,Day trip: Nicosia old town,"About 6 h, from Larnaca. Takes in Nicosia old town. Includes hotel pickup. Price level €€ per person.",culture,pickup;full-day,nicosia,Larnaca,Nicosia old town,35.1753,33.362,landmark,360,6 h,€€,person,,https://www.getyourguide.com/nicosia-l415/from-larnaca-nicosia-inside-europe-s-last-divided-capital-t1261851/,0,false,
green-line-and-buffer-zone-walk-541215,541215,Green Line & buffer-zone walk,"About 3 h, from Nicosia. Takes in Nicosia old town. Price level €€ per person.",culture,half-day,nicosia,Nicosia,Nicosia old town,35.1753,33.362,landmark,180,3 h,€€,person,,https://www.getyourguide.com/nicosia-l415/nicosia-green-line-and-buffer-zone-guided-tour-t541215/,0,false,
private-day-trip-kykkos-monastery-and-troodos-mountains-1324537,1324537,Private day trip: Kykkos Monastery & Troodos Mountains,"About 6 h, from Troodos. Takes in Kykkos Monastery and the Troodos Mountains. Includes hotel pickup. Private. Price level €€€ per person.",culture,pickup;private;full-day,nicosia,Troodos,Kykkos Monastery,34.9839,32.7412,landmark,360,6 h,€€€,person,,https://www.getyourguide.com/troodos-l254053/kykkos-monastery-personal-tour-with-guide-t1324537/,0,false,
private-half-day-tour-famagusta-old-town-865168,865168,Private half-day tour: Famagusta old town,"About 2 h, from Nicosia. Takes in Famagusta old town. Private for up to 4 guests. Price level €€€€ per group (up to 4 guests).",culture,private;short,nicosia,Nicosia,,35.17,33.36,town,120,2 h,€€€€,group,4,https://www.getyourguide.com/nicosia-district-l2199/special-magic-christmas-tour-in-famagusta-t865168/,0,true,Othello
private-half-day-tour-nicosia-old-town-and-both-sides-of-nicosia-473929,473929,Private half-day tour: Nicosia old town & both sides of Nicosia,"About 4 h, from Nicosia. Takes in Nicosia old town and both sides of Nicosia. Includes hotel pickup. Private. Price level €€€ per person.",culture,pickup;private;half-day,nicosia,Nicosia,Nicosia old town,35.1753,33.362,landmark,240,4 h,€€€,person,,https://www.getyourguide.com/famagusta-district-l95564/nicosia-private-tour-old-town-greek-and-turkish-side-t473929/,0,true,Both Sides
private-walking-tour-nicosia-old-town-2-4-641280,641280,Private walking tour: Nicosia old town (2–4 h),"About 2–4 h, from Nicosia. Includes hotel pickup. Private. Price level €€€ per person.",culture,pickup;private;short,nicosia,Nicosia,,35.17,33.36,town,120,2–4 h,€€€,person,,https://www.getyourguide.com/nicosia-l415/nikosia-private-custom-walking-tour-with-a-guide-t641280/,0,false,
private-walking-tour-nicosia-old-town-2-6-80646,80646,Private walking tour: Nicosia old town (2–6 h),"About 2–6 h, from Nicosia. Takes in Nicosia old town. Includes hotel pickup. Private. Price level €€ per person.",culture,pickup;private;short,nicosia,Nicosia,Nicosia old town,35.1753,33.362,landmark,120,2–6 h,€€,person,,https://www.getyourguide.com/nicosia-l415/nicosia-private-walking-tour-with-a-local-t80646/,0,false,
private-walking-tour-nicosia-old-town-3-542309,542309,Private walking tour: Nicosia old town (3 h),"About 3 h, from Nicosia. Takes in Nicosia old town. Includes hotel pickup. Private. Price level €€€ per person.",culture,pickup;private;half-day,nicosia,Nicosia,Nicosia old town,35.1753,33.362,landmark,180,3 h,€€€,person,,https://www.getyourguide.com/nicosia-l415/nicosia-tour-with-private-guide-t542309/,0,true,Büyük Han
private-walking-tour-nicosia-old-town-3-640599,640599,Private walking tour: Nicosia old town (3 h),"About 3 h, from Nicosia. Private. Price level €€€ per person.",culture,private;half-day,nicosia,Nicosia,,35.17,33.36,town,180,3 h,€€€,person,,https://www.getyourguide.com/nicosia-l415/nikosia-must-see-attractions-private-walking-tour-t640599/,0,false,
private-walking-tour-nicosia-old-town-3-5-614627,614627,Private walking tour: Nicosia old town (3.5 h),"About 3.5 h, from Nicosia. Takes in Nicosia old town. Private. Price level €€€ per person.",culture,private;half-day,nicosia,Nicosia,Nicosia old town,35.1753,33.362,landmark,210,3.5 h,€€€,person,,https://www.getyourguide.com/nicosia-l415/nicosia-private-walking-tour-of-the-city-with-a-local-guide-t614627/,0,false,
private-walking-tour-nicosia-old-town-and-both-sides-of-nicosia-640590,640590,Private walking tour: Nicosia old town & both sides of Nicosia,"About 2 h, from Nicosia. Takes in Nicosia old town and both sides of Nicosia. Private. Price level €€€ per person.",culture,private;short,nicosia,Nicosia,Nicosia old town,35.1753,33.362,landmark,120,2 h,€€€,person,,https://www.getyourguide.com/nicosia-l415/nikosia-best-of-north-nicosia-walking-tour-t640590/,0,true,North Nicosia
walking-tour-nicosia-old-town-537581,537581,Walking tour: Nicosia old town,"About 1–1.5 h, from Nicosia. Takes in Nicosia old town. Small group. Price level €€ per person.",culture,small-group;short,nicosia,Nicosia,Nicosia old town,35.1753,33.362,landmark,60,1–1.5 h,€€,person,,https://www.getyourguide.com/nicosia-l415/nicosia-express-walk-with-a-local-in-60-minutes-t537581/,0,true,Selimiye
baklava-and-cypriot-sweets-workshop-1258925,1258925,Baklava & Cypriot sweets workshop,"About 2.5 h, from Nicosia. Small group. Price level €€ per person.",food,small-group;short,nicosia,Nicosia,,35.17,33.36,town,150,2.5 h,€€,person,,https://www.getyourguide.com/nicosia-l415/nicosia-cypriot-cookies-and-baklava-cooking-class-t1258925/,0,false,
escape-room-1245713,1245713,Escape room,"About 1 h, from Paphos. Private for up to 2 guests. Price level €€ per group (up to 2 guests).",air,private;short,paphos,Paphos,,34.7754,32.4218,town,60,1 h,€€,group,2,https://www.getyourguide.com/paphos-l426/paphos-escape-room-experience-with-games-master-t1245713/,0,false,
adults-only-cruise-along-the-paphos-coast-with-lunch-218472,218472,Adults-only cruise along the Paphos coast with lunch,"About 5 h, from Paphos. Includes hotel pickup and a meal. Adults only. Price level €€ per person.",boat,pickup;meal;adults-only;half-day,paphos,Paphos,Coral Bay,34.8538,32.3699,landmark,300,5 h,€€,person,,https://www.getyourguide.com/paphos-l426/from-pafos-scenic-luxury-cruise-with-lunch-and-transfer-t218472/,0,false,
adults-only-cruise-along-the-paphos-coast-with-lunch-and-drinks-215421,215421,Adults-only cruise along the Paphos coast with lunch & drinks,"About 5 h, from Paphos. Includes hotel pickup, drinks and swim stops. Adults only. Price level €€ per person.",boat,pickup;adults-only;half-day,paphos,Paphos,,34.7754,32.4218,town,300,5 h,€€,person,,https://www.getyourguide.com/paphos-l426/paphos-adults-only-cruise-with-drinks-food-bus-swim-stop-t215421/,0,false,
adults-only-night-cruise-along-the-paphos-coast-with-dinner-and-451405,451405,Adults-only night cruise along the Paphos coast with dinner & fireworks,"About 4 h, from Paphos. Includes a meal and fireworks. Adults only. Price level €€€ per person.",boat,meal;adults-only;evening;half-day,paphos,Paphos,Paphos Harbour,34.7556,32.411,landmark,240,4 h,€€€,person,,https://www.getyourguide.com/paphos-l426/wave-dancer-deluxe-night-cruise-with-fireworks-adults-only-t451405/,0,false,
boat-ride-back-to-latchi-from-the-blue-lagoon-1410020,1410020,Boat ride back to Latchi from the Blue Lagoon,"About 2 h, from Latchi. Takes in the Blue Lagoon. Small group. Price level €€ per person.",boat,small-group;short,paphos,Latchi,Blue Lagoon (Akamas),35.0828,32.3058,landmark,120,2 h,€€,person,,https://www.getyourguide.com/latsi-l164447/blue-lagoon-guided-return-ride-to-latchi-t1410020/,0,false,
boat-trip-to-the-akamas-and-the-blue-lagoon-682691,682691,Boat trip to the Akamas & the Blue Lagoon,"About 8.5 h, from Paphos. Takes in the Akamas and the Blue Lagoon. Includes hotel pickup. Price level €€ per person.",boat,pickup;full-day,paphos,Paphos,Akamas Peninsula,35.053,32.322,landmark,510,8.5 h,€€,person,,https://www.getyourguide.com/paphos-l426/paphos-akamas-waterfalls-blue-lagoon-of-aphrodite-tour-t682691/,0,false,
boat-trip-to-the-blue-lagoon-1331380,1331380,Boat trip to the Blue Lagoon,"About 3 h, from Latchi. Takes in the Blue Lagoon. Small group. Price level €€€ per person.",boat,small-group;half-day,paphos,Latchi,Blue Lagoon (Akamas),35.0828,32.3058,landmark,180,3 h,€€€,person,,https://www.getyourguide.com/latsi-l164447/latchi-blue-lagoon-small-group-boat-tour-t1331380/,0,false,
boat-trip-to-the-blue-lagoon-with-bbq-658687,658687,Boat trip to the Blue Lagoon with BBQ,"About 4 h, from Polis. Takes in the Blue Lagoon. Includes hotel pickup and a meal. Price level € per person.",boat,pickup;meal;half-day,paphos,Polis,Blue Lagoon (Akamas),35.0828,32.3058,landmark,240,4 h,€,person,,https://www.getyourguide.com/polis-l4554/polis-blue-lagoon-boat-tour-with-optional-barbecue-lunch-t658687/,0,false,
boat-trip-to-the-blue-lagoon-with-bbq-426469,426469,Boat trip to the Blue Lagoon with BBQ,"About 4 h, from Latchi. Takes in the Blue Lagoon. Includes a meal. Price level €€ per person.",boat,meal;half-day,paphos,Latchi,Blue Lagoon (Akamas),35.0828,32.3058,landmark,240,4 h,€€,person,,https://www.getyourguide.com/polis-l4554/latsi-blue-lagoon-boat-trips-with-traditional-bbq-and-slide-t426469/,0,false,
boat-trip-to-the-blue-lagoon-with-bbq-and-drinks-642047,642047,Boat trip to the Blue Lagoon with BBQ & drinks,"About 4 h, from Latchi. Takes in the Blue Lagoon. Includes a meal and drinks. Price level €€€ per person.",boat,meal;half-day,paphos,Latchi,Blue Lagoon (Akamas),35.0828,32.3058,landmark,240,4 h,€€€,person,,https://www.getyourguide.com/latsi-l164447/blue-lagoon-wine-and-bbq-boat-t642047/,0,false,
boat-trip-to-the-blue-lagoon-with-lunch-and-open-bar-215568,215568,Boat trip to the Blue Lagoon with lunch & open bar,"About 6 h, from Paphos. Takes in the Blue Lagoon. Includes hotel pickup, a meal and open bar. Price level €€ per person.",boat,pickup;meal;full-day,paphos,Paphos,Blue Lagoon (Akamas),35.0828,32.3058,landmark,360,6 h,€€,person,,https://www.getyourguide.com/paphos-l426/lagoon-to-paphos-blue-lagoon-all-inclusive-round-trip-t215568/,0,false,
boat-trip-to-the-blue-lagoon-the-akamas-and-the-baths-of-712642,712642,"Boat trip to the Blue Lagoon, the Akamas & the Baths of Aphrodite","About 8 h, from Paphos. Takes in the Blue Lagoon, the Akamas and the Baths of Aphrodite. Includes hotel pickup. Price level €€ per person.",boat,pickup;full-day,paphos,Paphos,Blue Lagoon (Akamas),35.0828,32.3058,landmark,480,8 h,€€,person,,https://www.getyourguide.com/paphos-l426/from-paphos-blue-lagoon-and-baths-of-aphrodite-day-trip-t712642/,0,false,
boat-trip-to-the-blue-lagoon-the-baths-of-aphrodite-and-the-701832,701832,"Boat trip to the Blue Lagoon, the Baths of Aphrodite & the Peyia sea caves","About 8 h, from Paphos. Takes in the Blue Lagoon, the Baths of Aphrodite and the Peyia sea caves. Includes hotel pickup. Price level €€ per person.",boat,pickup;full-day,paphos,Paphos,Blue Lagoon (Akamas),35.0828,32.3058,landmark,480,8 h,€€,person,,https://www.getyourguide.com/paphos-l426/paphos-akamas-baths-of-aphrodite-and-blue-lagoon-day-tour-t701832/,0,false,
cruise-along-the-paphos-coast-with-bbq-4-748154,748154,Cruise along the Paphos coast with BBQ (4 h),"About 4 h, from Paphos. Includes a meal. Price level €€ per person.",boat,meal;half-day,paphos,Paphos,,34.7754,32.4218,town,240,4 h,€€,person,,https://www.getyourguide.com/paphos-l426/half-day-cruise-t748154/,0,false,
cruise-along-the-paphos-coast-with-bbq-6-708866,708866,Cruise along the Paphos coast with BBQ (6 h),"About 6 h, from Paphos. Includes a meal. Price level €€ per person.",boat,meal;full-day,paphos,Paphos,,34.7754,32.4218,town,360,6 h,€€,person,,https://www.getyourguide.com/paphos-l426/lazy-full-day-cruise-t708866/,0,false,
cruise-along-the-paphos-coast-with-bbq-and-drinks-442796,442796,Cruise along the Paphos coast with BBQ & drinks,"About 4 h, from Paphos. Includes hotel pickup, a meal, drinks and water slide. Price level €€ per person.",boat,pickup;meal;half-day,paphos,Paphos,Paphos Harbour,34.7556,32.411,landmark,240,4 h,€€,person,,https://www.getyourguide.com/paphos-l426/paphos-ocean-vision-half-day-cruise-with-bbq-drinks-slide-t442796/,0,false,
cruise-along-the-paphos-coast-with-bbq-and-open-bar-448862,448862,Cruise along the Paphos coast with BBQ & open bar,"About 4 h, from Paphos. Includes a meal and open bar. Price level €€ per person.",boat,meal;half-day,paphos,Paphos,Paphos Harbour,34.7556,32.411,landmark,240,4 h,€€,person,,https://www.getyourguide.com/paphos-l426/wave-dancer-half-day-bbq-cruise-t448862/,0,false,
cruise-along-the-paphos-coast-with-drinks-and-turtle-spotting-800375,800375,Cruise along the Paphos coast with drinks & turtle spotting,"About 2 h, from Paphos. Includes drinks, turtle spotting and swim stops. Price level €€ per person.",boat,short,paphos,Paphos,,34.7754,32.4218,town,120,2 h,€€,person,,https://www.getyourguide.com/paphos-l426/paphos-swim-cruise-with-turtle-watching-drinks-aperol-t800375/,0,false,
cruise-along-the-paphos-coast-with-lunch-and-open-bar-4-216159,216159,Cruise along the Paphos coast with lunch & open bar (4 h),"About 4 h, from Paphos. Includes hotel pickup, a meal, open bar and snorkelling. Price level €€ per person.",boat,pickup;meal;half-day,paphos,Paphos,Coral Bay,34.8538,32.3699,landmark,240,4 h,€€,person,,https://www.getyourguide.com/paphos-l426/paphos-half-day-yacht-cruise-with-buffet-t216159/,0,false,
cruise-along-the-paphos-coast-with-lunch-and-open-bar-6-448591,448591,Cruise along the Paphos coast with lunch & open bar (6 h),"About 6 h, from Paphos. Includes a meal and open bar. Price level €€€ per person.",boat,meal;full-day,paphos,Paphos,Paphos Harbour,34.7556,32.411,landmark,360,6 h,€€€,person,,https://www.getyourguide.com/paphos-l426/sunshine-day-cruise-all-inclusive-t448591/,0,false,
cruise-to-coral-bay-217731,217731,Cruise to Coral Bay,"About 4 h, from Paphos. Takes in Coral Bay. Includes hotel pickup. Price level €€ per person.",boat,pickup;half-day,paphos,Paphos,Coral Bay,34.8538,32.3699,landmark,240,4 h,€€,person,,https://www.getyourguide.com/paphos-l426/paphos-sea-star-cruise-to-coral-bay-t217731/,0,false,
cruise-to-the-akamas-and-the-blue-lagoon-693276,693276,Cruise to the Akamas & the Blue Lagoon,"About 6 h, from Paphos. Takes in the Akamas and the Blue Lagoon. Includes hotel pickup. Price level €€ per person.",boat,pickup;full-day,paphos,Paphos,Akamas Peninsula,35.053,32.322,landmark,360,6 h,€€,person,,https://www.getyourguide.com/paphos-l426/from-paphos-akamas-blue-lagoon-afternoon-cruise-t693276/,0,false,
cruise-to-the-akamas-and-the-blue-lagoon-with-water-slide-460176,460176,Cruise to the Akamas & the Blue Lagoon with water slide,"About 3 h, from Paphos. Takes in the Akamas and the Blue Lagoon. Includes hotel pickup and water slide. Price level €€ per person.",boat,pickup;half-day,paphos,Paphos,Akamas Peninsula,35.053,32.322,landmark,180,3 h,€€,person,,https://www.getyourguide.com/peyia-l164449/from-paphos-akamas-blue-lagoon-cruise-with-water-slide-t460176/,0,false,
cruise-to-the-baths-of-aphrodite-latchi-and-the-blue-lagoon-525259,525259,"Cruise to the Baths of Aphrodite, Latchi & the Blue Lagoon","About 8 h, from Paphos. Takes in the Baths of Aphrodite, Latchi and the Blue Lagoon. Includes hotel pickup. Price level €€ per person.",boat,pickup;full-day,paphos,Paphos,Baths of Aphrodite,35.0564,32.3439,landmark,480,8 h,€€,person,,https://www.getyourguide.com/latsi-l164447/full-day-baths-of-aphrodite-latchi-and-blue-lagoon-cruise-t525259/,0,false,
cruise-to-the-blue-lagoon-2-5-3-938048,938048,Cruise to the Blue Lagoon (2.5–3 h),"About 2.5–3 h, from Latchi. Takes in the Blue Lagoon. Price level € per person.",boat,short,paphos,Latchi,Blue Lagoon (Akamas),35.0828,32.3058,landmark,150,2.5–3 h,€,person,,https://www.getyourguide.com/paphos-district-l1351/latchi-blue-lagoon-mediterranean-one-boat-cruise-t938048/,0,false,
cruise-to-the-blue-lagoon-2-5-4-481951,481951,Cruise to the Blue Lagoon (2.5–4 h),"About 2.5–4 h, from Latchi. Takes in the Blue Lagoon. Price level € per person.",boat,short,paphos,Latchi,Blue Lagoon (Akamas),35.0828,32.3058,landmark,150,2.5–4 h,€,person,,https://www.getyourguide.com/latsi-l164447/latchi-nafsika-ii-bbq-cruise-to-the-blue-lagoon-t481951/,0,false,
cruise-to-the-blue-lagoon-3-693555,693555,Cruise to the Blue Lagoon (3 h),"About 3 h, from Latchi. Takes in the Blue Lagoon. Price level € per person.",boat,half-day,paphos,Latchi,Blue Lagoon (Akamas),35.0828,32.3058,landmark,180,3 h,€,person,,https://www.getyourguide.com/latsi-l164447/latchiblue-diamond-blue-lagoon-cruise-afternoon-ticket-only-t693555/,0,false,
cruise-to-the-blue-lagoon-and-the-akamas-with-water-slide-800156,800156,Cruise to the Blue Lagoon & the Akamas with water slide,"About 3 h, from Latchi. Takes in the Blue Lagoon and the Akamas. Includes water slide. Price level € per person.",boat,half-day,paphos,Latchi,Blue Lagoon (Akamas),35.0828,32.3058,landmark,180,3 h,€,person,,https://www.getyourguide.com/latsi-l164447/from-latchi-blue-lagoon-and-akamas-peninsula-cruise-t800156/,0,false,
cruise-to-the-blue-lagoon-with-bbq-and-drinks-712618,712618,Cruise to the Blue Lagoon with BBQ & drinks,"About 6 h, from Paphos. Takes in the Blue Lagoon. Includes hotel pickup, a meal, drinks and swim stops. Price level €€ per person.",boat,pickup;meal;full-day,paphos,Paphos,Blue Lagoon (Akamas),35.0828,32.3058,landmark,360,6 h,€€,person,,https://www.getyourguide.com/paphos-l426/paphos-blue-lagoon-afternoon-cruise-bbq-winewater-slide-t712618/,0,false,
cruise-to-the-blue-lagoon-with-bbq-and-open-bar-597631,597631,Cruise to the Blue Lagoon with BBQ & open bar,"About 4 h, from Paphos. Takes in the Blue Lagoon. Includes hotel pickup, a meal, open bar and water slide. Price level €€ per person.",boat,pickup;meal;half-day,paphos,Paphos,Blue Lagoon (Akamas),35.0828,32.3058,landmark,240,4 h,€€,person,,https://www.getyourguide.com/paphos-l426/paphos-blue-lagoon-cruise-bbq-lunch-open-bar-slide-t597631/,0,false,
cruise-to-the-blue-lagoon-with-drinks-and-swim-stops-1436045,1436045,Cruise to the Blue Lagoon with drinks & swim stops,"About 3 h, from Latchi. Takes in the Blue Lagoon. Includes drinks and swim stops. Small group. Price level €€ per person.",boat,small-group;half-day,paphos,Latchi,Blue Lagoon (Akamas),35.0828,32.3058,landmark,180,3 h,€€,person,,https://www.getyourguide.com/latsi-l164447/latchi-blue-lagoon-cruise-with-swimming-and-refreshments-t1436045/,0,false,
cruise-to-the-blue-lagoon-with-lunch-4-941536,941536,Cruise to the Blue Lagoon with lunch (4 h),"About 4 h, from Paphos. Takes in the Blue Lagoon. Includes hotel pickup and a meal. Price level €€ per person.",boat,pickup;meal;half-day,paphos,Paphos,Blue Lagoon (Akamas),35.0828,32.3058,landmark,240,4 h,€€,person,,https://www.getyourguide.com/latsi-l164447/paphos-cruise-to-blue-lagoon-with-buffet-and-open-bar-t941536/,0,false,
cruise-to-the-blue-lagoon-with-lunch-6-218082,218082,Cruise to the Blue Lagoon with lunch (6 h),"About 6 h, from Paphos. Takes in the Blue Lagoon. Includes hotel pickup and a meal. Price level €€ per person.",boat,pickup;meal;full-day,paphos,Paphos,Blue Lagoon (Akamas),35.0828,32.3058,landmark,360,6 h,€€,person,,https://www.getyourguide.com/paphos-l426/paphos-blue-lagoon-sea-star-cruise-t218082/,0,false,
cruise-to-the-blue-lagoon-with-lunch-and-open-bar-597606,597606,Cruise to the Blue Lagoon with lunch & open bar,"About 6 h, from Paphos. Takes in Paphos Harbour and the Blue Lagoon. Includes hotel pickup, a meal and open bar. Price level €€ per person.",boat,pickup;meal;full-day,paphos,Paphos,Paphos Harbour,34.7556,32.411,landmark,360,6 h,€€,person,,https://www.getyourguide.com/paphos-l426/cruise-from-paphos-harbour-to-blue-lagoon-all-inclusive-t597606/,0,false,
cruise-to-the-blue-lagoon-with-water-slide-800044,800044,Cruise to the Blue Lagoon with water slide,"About 3 h, from Latchi. Takes in the Blue Lagoon. Includes water slide. Price level € per person.",boat,half-day,paphos,Latchi,Blue Lagoon (Akamas),35.0828,32.3058,landmark,180,3 h,€,person,,https://www.getyourguide.com/latsi-l164447/blue-lagoon-cruise-waterslide-adventure-from-latchi-harbour-t800044/,0,false,
cruise-to-the-blue-lagoon-with-water-slide-480348,480348,Cruise to the Blue Lagoon with water slide,"About 3 h, from Latchi. Takes in Paphos and the Blue Lagoon. Includes water slide. Price level € per person.",boat,half-day,paphos,Latchi,Blue Lagoon (Akamas),35.0828,32.3058,landmark,180,3 h,€,person,,https://www.getyourguide.com/polis-l4554/polis-paphos-blue-lagoon-boat-cruise-with-waterslide-t480348/,0,false,
day-trip-by-coach-and-boat-to-latchi-with-bbq-and-water-slide-656508,656508,Day trip by coach & boat to Latchi with BBQ & water slide,"About 6 h, from Paphos. Takes in Latchi. Includes hotel pickup, a meal and water slide. Price level €€ per person.",boat,pickup;meal;full-day,paphos,Paphos,,34.7754,32.4218,town,360,6 h,€€,person,,https://www.getyourguide.com/latsi-l164447/transfers-paphos-to-latchi-bbq-waterslide-cruise-t656508/,0,false,
day-trip-by-coach-and-boat-to-polis-and-the-blue-lagoon-597666,597666,Day trip by coach & boat to Polis & the Blue Lagoon,"About 3 h, from Paphos. Takes in Polis and the Blue Lagoon. Price level €€ per person.",boat,half-day,paphos,Paphos,Blue Lagoon (Akamas),35.0828,32.3058,landmark,180,3 h,€€,person,,https://www.getyourguide.com/paphos-l426/polis-blue-lagoon-boat-tour-with-bus-from-paphos-t597666/,0,false,
day-trip-by-coach-and-boat-to-the-akamas-and-the-blue-lagoon-471549,471549,Day trip by coach & boat to the Akamas & the Blue Lagoon with water slide,"About 8 h, from Paphos. Takes in the Akamas and the Blue Lagoon. Includes hotel pickup and water slide. Price level €€ per person.",boat,pickup;full-day,paphos,Paphos,Akamas Peninsula,35.053,32.322,landmark,480,8 h,€€,person,,https://www.getyourguide.com/paphos-l426/from-paphos-cyprus-highlights-tour-w-blue-lagoon-boat-trip-t471549/,0,false,
day-trip-by-coach-and-boat-to-the-akamas-and-the-blue-lagoon-992663,992663,Day trip by coach & boat to the Akamas & the Blue Lagoon with water slide,"About 8 h, from Paphos. Takes in the Akamas and the Blue Lagoon. Includes hotel pickup and water slide. Price level €€ per person.",boat,pickup;full-day,paphos,Paphos,Akamas Peninsula,35.053,32.322,landmark,480,8 h,€€,person,,https://www.getyourguide.com/peyia-l164449/blue-lagoon-akamas-bus-boat-tour-from-paphos-t992663/,0,false,
day-trip-by-coach-and-boat-to-the-blue-lagoon-4-5-931532,931532,Day trip by coach & boat to the Blue Lagoon (4.5 h),"About 4.5 h, from Paphos. Takes in the Blue Lagoon. Includes hotel pickup. Price level €€ per person.",boat,pickup;half-day,paphos,Paphos,Blue Lagoon (Akamas),35.0828,32.3058,landmark,270,4.5 h,€€,person,,https://www.getyourguide.com/latsi-l164447/paphos-blue-lagoon-boat-trip-with-transfers-t931532/,0,false,
day-trip-by-coach-and-boat-to-the-blue-lagoon-4-5-5-393835,393835,Day trip by coach & boat to the Blue Lagoon (4.5–5 h),"About 4.5–5 h, from Paphos. Takes in the Blue Lagoon. Includes hotel pickup. Price level € per person.",boat,pickup;half-day,paphos,Paphos,Blue Lagoon (Akamas),35.0828,32.3058,landmark,270,4.5–5 h,€,person,,https://www.getyourguide.com/paphos-l426/paphos-blue-lagoon-boat-cruise-with-bus-transfer-t393835/,0,false,
day-trip-by-coach-and-boat-to-the-blue-lagoon-and-aphrodite-s-410418,410418,Day trip by coach & boat to the Blue Lagoon & Aphrodite's Rock,"About 9 h, from Limassol. Takes in the Blue Lagoon and Aphrodite's Rock. Includes hotel pickup. Price level €€ per person.",boat,pickup;full-day,paphos,Limassol,Aphrodite's Rock,34.6641,32.6271,landmark,540,9 h,€€,person,,https://www.getyourguide.com/limassol-l32399/limassol-birthplace-of-aphrodite-blue-lagoon-boat-trip-t410418/,0,false,
day-trip-by-coach-and-boat-to-the-blue-lagoon-and-latchi-596285,596285,Day trip by coach & boat to the Blue Lagoon & Latchi,"About 5 h, from Paphos. Takes in the Blue Lagoon and Latchi. Includes hotel pickup. Price level €€ per person.",boat,pickup;half-day,paphos,Paphos,Blue Lagoon (Akamas),35.0828,32.3058,landmark,300,5 h,€€,person,,https://www.getyourguide.com/latsi-l164447/blue-lagoon-latchi-coach-transferboat-trip-half-day-trip-t596285/,0,false,
day-trip-by-coach-and-boat-to-the-blue-lagoon-and-latchi-with-598798,598798,Day trip by coach & boat to the Blue Lagoon & Latchi with water slide,"A full day, from Paphos. Takes in the Blue Lagoon and Latchi. Includes hotel pickup and water slide. Price level €€ per person.",boat,pickup;full-day,paphos,Paphos,Blue Lagoon (Akamas),35.0828,32.3058,landmark,1440,full day,€€,person,,https://www.getyourguide.com/latsi-l164447/pafosblue-lagoonlatchiday-trip-coach-boatwaterslide-t598798/,0,false,
day-trip-by-coach-and-boat-to-the-blue-lagoon-with-bbq-446663,446663,Day trip by coach & boat to the Blue Lagoon with BBQ,"About 4 h, from Paphos. Takes in the Blue Lagoon. Includes hotel pickup and a meal. Price level €€ per person.",boat,pickup;meal;half-day,paphos,Paphos,Blue Lagoon (Akamas),35.0828,32.3058,landmark,240,4 h,€€,person,,https://www.getyourguide.com/paphos-district-l1351/from-paphos-blue-lagoon-tour-with-bbq-and-hotel-pickup-t446663/,0,false,
day-trip-by-coach-and-boat-to-the-blue-lagoon-with-lunch-and-666531,666531,Day trip by coach & boat to the Blue Lagoon with lunch & open bar,"About 4 h, from Paphos. Takes in the Blue Lagoon. Includes hotel pickup, a meal, open bar and water slide. Price level €€ per person.",boat,pickup;meal;half-day,paphos,Paphos,Blue Lagoon (Akamas),35.0828,32.3058,landmark,240,4 h,€€,person,,https://www.getyourguide.com/paphos-l426/paphos-to-blue-lagoon-all-inclusive-bbq-cruise-slide-bus-t666531/,0,false,
day-trip-by-coach-and-boat-to-the-blue-lagoon-with-water-slide-562777,562777,Day trip by coach & boat to the Blue Lagoon with water slide,"About 6 h, from Paphos. Takes in the Blue Lagoon. Includes hotel pickup and water slide. Price level €€ per person.",boat,pickup;full-day,paphos,Paphos,Blue Lagoon (Akamas),35.0828,32.3058,landmark,360,6 h,€€,person,,https://www.getyourguide.com/paphos-l426/paphos-blue-lagoon-cruise-slide-music-hotel-transfer-t562777/,0,false,
day-trip-by-coach-and-boat-to-the-blue-lagoon-with-water-slide-977290,977290,Day trip by coach & boat to the Blue Lagoon with water slide & snorkelling,"About 5 h, from Paphos. Takes in the Blue Lagoon. Includes hotel pickup, water slide and snorkelling. Price level € per person.",boat,pickup;half-day,paphos,Paphos,Blue Lagoon (Akamas),35.0828,32.3058,landmark,300,5 h,€,person,,https://www.getyourguide.com/paphos-l426/blue-lagoon-half-day-tour-with-water-slide-from-paphos-t977290/,0,false,
glass-bottom-boat-trip-along-the-paphos-coast-with-lunch-and-493145,493145,Glass-bottom boat trip along the Paphos coast with lunch & snorkelling,"About 1.5–2.5 h, from Paphos. Includes a meal, snorkelling and swim stops. Price level € per person.",boat,meal;short,paphos,Paphos,Paphos Harbour,34.7556,32.411,landmark,90,1.5–2.5 h,€,person,,https://www.getyourguide.com/paphos-l426/paphos-glass-bottom-boat-trip-with-swimming-or-snorkeling-t493145/,0,false,
glass-bottom-boat-trip-along-the-paphos-coast-with-snorkelling-1067443,1067443,Glass-bottom boat trip along the Paphos coast with snorkelling & swim stops,"About 1.5 h, from Paphos. Includes snorkelling and swim stops. Price level € per person.",boat,short,paphos,Paphos,Paphos Harbour,34.7556,32.411,landmark,90,1.5 h,€,person,,https://www.getyourguide.com/paphos-l426/paphos-the-yellow-glass-bottom-boat-cruise-swim-snorkel-t1067443/,0,false,
glass-bottom-boat-trip-along-the-paphos-coast-with-swim-stops-1137873,1137873,Glass-bottom boat trip along the Paphos coast with swim stops,"About 1.5 h, from Paphos. Includes swim stops. Price level € per person.",boat,short,paphos,Paphos,,34.7754,32.4218,town,90,1.5 h,€,person,,https://www.getyourguide.com/paphos-l426/from-paphos-15-hrs-glass-bottom-boat-cruise-with-swimming-t1137873/,0,false,
glass-bottom-boat-trip-along-the-paphos-coast-with-water-slide-1305260,1305260,Glass-bottom boat trip along the Paphos coast with water slide,"About 2 h, from Paphos. Includes water slide. Price level € per person.",boat,short,paphos,Paphos,Paphos Harbour,34.7556,32.411,landmark,120,2 h,€,person,,https://www.getyourguide.com/paphos-l426/paphos-glass-bottom-boat-cruise-with-fun-slide-t1305260/,0,false,
glass-bottom-boat-trip-to-the-blue-lagoon-with-drinks-and-water-644997,644997,Glass-bottom boat trip to the Blue Lagoon with drinks & water slide,"A full day, from Latchi. Takes in the Blue Lagoon. Includes drinks and water slide. Price level € per person.",boat,full-day,paphos,Latchi,Blue Lagoon (Akamas),35.0828,32.3058,landmark,1440,full day,€,person,,https://www.getyourguide.com/latsi-l164447/latchi-blue-lagoon-glass-bottom-boat-cruise-with-drinks-t644997/,0,false,
morning-cruise-to-the-akamas-and-the-blue-lagoon-with-bbq-1240341,1240341,Morning cruise to the Akamas & the Blue Lagoon with BBQ,"About 4 h, from Latchi. Takes in the Akamas and the Blue Lagoon. Includes hotel pickup and a meal. Price level €€ per person.",boat,pickup;meal;morning;half-day,paphos,Latchi,Akamas Peninsula,35.053,32.322,landmark,240,4 h,€€,person,,https://www.getyourguide.com/baths-of-aphrodite-l164448/latchi-akamas-coastline-and-blue-lagoon-boat-cruise-t1240341/,0,false,
night-cruise-along-the-paphos-coast-with-dinner-and-fireworks-451124,451124,Night cruise along the Paphos coast with dinner & fireworks,"About 4 h, from Paphos. Includes a meal, fireworks and a show. Price level €€ per person.",boat,meal;evening;half-day,paphos,Paphos,,34.7754,32.4218,town,240,4 h,€€,person,,https://www.getyourguide.com/paphos-l426/wave-dancer-fireworks-dinner-show-cruise-t451124/,0,false,
night-cruise-along-the-paphos-coast-with-dinner-and-open-bar-451599,451599,Night cruise along the Paphos coast with dinner & open bar,"About 4 h, from Paphos. Includes a meal, open bar and a show. Price level €€ per person.",boat,meal;evening;half-day,paphos,Paphos,Paphos Harbour,34.7556,32.411,landmark,240,4 h,€€,person,,https://www.getyourguide.com/paphos-l426/paphos-ocean-vision-all-inclusive-night-cruise-dance-show-t451599/,0,false,
paphos-zoo-visit-and-blue-lagoon-cruise-with-lunch-459179,459179,Paphos Zoo visit & Blue Lagoon cruise with lunch,"About 8 h, from Paphos. Takes in Paphos Zoo and the Blue Lagoon. Includes hotel pickup and a meal. Good for families. Price level €€ per person.",boat,pickup;meal;family;full-day,paphos,Paphos,Paphos Zoo,34.8928,32.3418,landmark,480,8 h,€€,person,,https://www.getyourguide.com/paphos-l426/pafos-zoo-visit-blue-lagoon-cruise-with-local-guide-t459179/,0,false,
pirate-ship-cruise-along-the-paphos-coast-941220,941220,Pirate-ship cruise along the Paphos coast,"About 4 h, from Paphos. Includes hotel pickup. Good for families. Price level €€ per person.",boat,pickup;family;half-day,paphos,Paphos,Paphos Harbour,34.7556,32.411,landmark,240,4 h,€€,person,,https://www.getyourguide.com/paphos-l426/paphos-pirate-ship-cruise-on-jolly-roger-t941220/,0,false,
private-boat-trip-along-the-paphos-coast-with-bbq-and-open-bar-793827,793827,Private boat trip along the Paphos coast with BBQ & open bar,"About 4 h, from Paphos. Includes a meal and open bar. Private for up to 28 guests. Price level €€€€ per group (up to 28 guests).",boat,meal;private;half-day,paphos,Paphos,,34.7754,32.4218,town,240,4 h,€€€€,group,28,https://www.getyourguide.com/paphos-l426/paphos-private-boat-charter-with-optional-bbq-open-bar-t793827/,0,false,
private-boat-trip-along-the-polis-coast-with-snorkelling-828590,828590,Private boat trip along the Polis coast with snorkelling,"About 4 h, from Polis. Includes snorkelling. Private for up to 8 guests. Price level €€€€ per group (up to 8 guests).",boat,private;half-day,paphos,Polis,,35.0344,32.4264,town,240,4 h,€€€€,group,8,https://www.getyourguide.com/latsi-l164447/cyprus-self-drive-boat-rental-with-snorkeling-gear-t828590/,0,false,
private-boat-trip-to-the-blue-lagoon-1-731879,731879,Private boat trip to the Blue Lagoon (1 h),"About 1 h, from Latchi. Takes in the Blue Lagoon. Private. Price level €€€ per person.",boat,private;short,paphos,Latchi,Blue Lagoon (Akamas),35.0828,32.3058,landmark,60,1 h,€€€,person,,https://www.getyourguide.com/latsi-l164447/rodman-38-flybridge-blue-lagoon-charters-t731879/,0,false,
private-boat-trip-to-the-blue-lagoon-1-6-726467,726467,Private boat trip to the Blue Lagoon (1–6 h),"About 1–6 h, from Latchi. Takes in the Blue Lagoon. Private. Price level €€ per person.",boat,private;short,paphos,Latchi,Blue Lagoon (Akamas),35.0828,32.3058,landmark,60,1–6 h,€€,person,,https://www.getyourguide.com/latsi-l164447/from-latchi-blue-lagoon-tour-via-karnic-sl800-boat-t726467/,0,false,
private-boat-trip-to-the-blue-lagoon-3-1313885,1313885,Private boat trip to the Blue Lagoon (3 h),"About 3 h, from Latchi. Takes in the Blue Lagoon. Private for up to 12 guests. Price level €€€€ per group (up to 12 guests).",boat,private;half-day,paphos,Latchi,Blue Lagoon (Akamas),35.0828,32.3058,landmark,180,3 h,€€€€,group,12,https://www.getyourguide.com/latsi-l164447/latchi-private-blue-lagoon-boat-tour-with-skipper-t1313885/,0,false,
private-cruise-to-the-blue-lagoon-with-drinks-and-swim-stops-1449494,1449494,Private cruise to the Blue Lagoon with drinks & swim stops,"About 3 h, from Latchi. Takes in the Blue Lagoon. Includes drinks and swim stops. Private for up to 20 guests. Price level €€€€ per group (up to 20 guests).",boat,private;half-day,paphos,Latchi,Blue Lagoon (Akamas),35.0828,32.3058,landmark,180,3 h,€€€€,group,20,https://www.getyourguide.com/latsi-l164447/latchi-private-blue-lagoon-cruise-with-swimming-drinks-t1449494/,0,false,
private-motor-yacht-charter-to-the-blue-lagoon-726465,726465,Private motor-yacht charter to the Blue Lagoon,"About 2–6 h, from Latchi. Private for up to 20 guests. Price level €€€€ per group (up to 20 guests).",boat,private;short,paphos,Latchi,Blue Lagoon (Akamas),35.0828,32.3058,landmark,120,2–6 h,€€€€,group,20,https://www.getyourguide.com/paphos-district-l1351/voyager-sea-ray-52-t726465/,0,false,
private-sailing-trip-to-the-akamas-983680,983680,Private sailing trip to the Akamas,"About 4–6 h, from Latchi. Takes in the Akamas. Private for up to 12 guests. Price level €€€€ per group (up to 12 guests).",boat,private;half-day,paphos,Latchi,Akamas Peninsula,35.053,32.322,landmark,240,4–6 h,€€€€,group,12,https://www.getyourguide.com/latsi-l164447/latchi-private-sailing-charter-on-37-foot-bavaria-yacht-t983680/,0,false,
private-yacht-charter-to-the-blue-lagoon-with-drinks-456212,456212,Private yacht charter to the Blue Lagoon with drinks,"About 2–6 h, from Latchi. Takes in the Blue Lagoon. Includes drinks. Private for up to 13 guests. Price level €€€€ per group (up to 13 guests).",boat,private;short,paphos,Latchi,Blue Lagoon (Akamas),35.0828,32.3058,landmark,120,2–6 h,€€€€,group,13,https://www.getyourguide.com/latsi-l164447/from-latsi-blue-lagoon-private-yacht-day-trip-with-drinks-t456212/,0,false,
self-drive-boat-hire-1-776540,776540,Self-drive boat hire (1 h),"About 1 h, from Latchi. Private for up to 7 guests. Price level €€€€ per group (up to 7 guests).",boat,private;short,paphos,Latchi,Blue Lagoon (Akamas),35.0828,32.3058,landmark,60,1 h,€€€€,group,7,https://www.getyourguide.com/latsi-l164447/kriti-boat-t776540/,0,false,
self-drive-boat-hire-4-1086120,1086120,Self-drive boat hire (4 h),"About 4 h, from Latchi. Private for up to 10 guests. Price level €€€€ per group (up to 10 guests).",boat,private;half-day,paphos,Latchi,Akamas Peninsula,35.053,32.322,landmark,240,4 h,€€€€,group,10,https://www.getyourguide.com/polis-l4554/latchi-harbour-cyprus-marinello-26-self-drive-boat-rental-t1086120/,0,false,
self-drive-boat-hire-4-1089840,1089840,Self-drive boat hire (4 h),"About 4 h, from Latchi. Private for up to 6 guests. Price level €€€€ per group (up to 6 guests).",boat,private;half-day,paphos,Latchi,Akamas Peninsula,35.053,32.322,landmark,240,4 h,€€€€,group,6,https://www.getyourguide.com/polis-l4554/latchi-eden-new-gen-4-hour-self-drive-boat-rental-t1089840/,0,false,
self-drive-boat-hire-to-the-akamas-1425117,1425117,Self-drive boat hire to the Akamas,"About 4 h, from Latchi. Takes in the Akamas. Private for up to 9 guests. Price level €€€€ per group (up to 9 guests).",boat,private;half-day,paphos,Latchi,Akamas Peninsula,35.053,32.322,landmark,240,4 h,€€€€,group,9,https://www.getyourguide.com/polis-l4554/latchi-akamas-peninsula-self-drive-boat-rental-t1425117/,0,false,
self-drive-boat-hire-to-the-blue-lagoon-1284289,1284289,Self-drive boat hire to the Blue Lagoon,"About 3 h, from Latchi. Takes in the Blue Lagoon. Private for up to 11 guests, no experience needed. Price level €€€€ per group (up to 11 guests).",boat,private;beginners;half-day,paphos,Latchi,Blue Lagoon (Akamas),35.0828,32.3058,landmark,180,3 h,€€€€,group,11,https://www.getyourguide.com/latsi-l164447/latchi-blue-lagoon-private-boat-rental-no-license-needed-t1284289/,0,false,
self-drive-boat-hire-to-the-blue-lagoon-and-the-akamas-899780,899780,Self-drive boat hire to the Blue Lagoon & the Akamas,"About 3–4 h, from Paphos. Takes in the Blue Lagoon and the Akamas. Includes hotel pickup. Private for up to 7 guests. Price level €€€€ per group (up to 7 guests).",boat,pickup;private;half-day,paphos,Paphos,Blue Lagoon (Akamas),35.0828,32.3058,landmark,180,3–4 h,€€€€,group,7,https://www.getyourguide.com/paphos-l426/self-drive-boat-rental-latchi-paphos-transfer-available-t899780/,0,false,
self-drive-boat-hire-with-snorkelling-1003213,1003213,Self-drive boat hire with snorkelling,"About 2–4 h, from Latchi. Includes snorkelling. Private for up to 8 guests. Price level €€€€ per group (up to 8 guests).",boat,private;short,paphos,Latchi,,35.0399,32.3962,town,120,2–4 h,€€€€,group,8,https://www.getyourguide.com/latsi-l164447/latchi-self-drive-boat-rental-with-gps-and-snorkels-t1003213/,0,false,
semi-submarine-cruise-along-the-paphos-coast-with-open-bar-and-763861,763861,Semi-submarine cruise along the Paphos coast with open bar & swim stops,"About 2 h, from Paphos. Includes open bar and swim stops. Price level €€ per person.",boat,short,paphos,Paphos,,34.7754,32.4218,town,120,2 h,€€,person,,https://www.getyourguide.com/paphos-l426/paphos-yellow-submarine-swim-cruise-with-unlimited-drinks-t763861/,0,false,
sunset-boat-trip-along-the-latchi-coast-with-bbq-and-water-slide-677147,677147,Sunset boat trip along the Latchi coast with BBQ & water slide,"About 4 h, from Latchi. Includes a meal, water slide and swim stops. Price level €€ per person.",boat,meal;sunset;half-day,paphos,Latchi,,35.0399,32.3962,town,240,4 h,€€,person,,https://www.getyourguide.com/latsi-l164447/nafsika-ii-sunset-bbq-swimming-cruise-t677147/,0,false,
sunset-cruise-along-the-paphos-coast-with-open-bar-and-turtle-772143,772143,Sunset cruise along the Paphos coast with open bar & turtle spotting,"About 2 h, from Paphos. Includes open bar and turtle spotting. Price level €€ per person.",boat,sunset;short,paphos,Paphos,,34.7754,32.4218,town,120,2 h,€€,person,,https://www.getyourguide.com/paphos-l426/sunset-cruise-with-turtle-watching-unlimited-drinks-t772143/,0,false,
sunset-cruise-along-the-paphos-coast-with-turtle-spotting-and-842180,842180,Sunset cruise along the Paphos coast with turtle spotting & snorkelling,"About 2 h, from Paphos. Includes turtle spotting and snorkelling. Price level €€ per person.",boat,sunset;short,paphos,Paphos,Paphos Harbour,34.7556,32.411,landmark,120,2 h,€€,person,,https://www.getyourguide.com/paphos-l426/paphos-turtle-watching-cruisesnorkelling-adventure-sunset-t842180/,0,false,
sunset-day-trip-by-coach-and-boat-to-the-blue-lagoon-1341735,1341735,Sunset day trip by coach & boat to the Blue Lagoon,"About 6 h, from Paphos. Takes in the Blue Lagoon. Includes hotel pickup. Price level €€ per person.",boat,pickup;sunset;full-day,paphos,Paphos,Blue Lagoon (Akamas),35.0828,32.3058,landmark,360,6 h,€€,person,,https://www.getyourguide.com/paphos-l426/latchi-famous-blue-lagoon-cruise-with-transfer-from-paphos-t1341735/,0,false,
yacht-charter-along-the-latchi-coast-1-1162522,1162522,Yacht charter along the Latchi coast (1 h),"About 1 h, from Latchi. Private for up to 11 guests. Price level €€€€ per group (up to 11 guests).",boat,private;short,paphos,Latchi,,35.0399,32.3962,town,60,1 h,€€€€,group,11,https://www.getyourguide.com/polis-l4554/latchi-harbour-private-yacht-charter-experience-t1162522/,0,false,
yacht-charter-along-the-latchi-coast-2-6-1231504,1231504,Yacht charter along the Latchi coast (2–6 h),"About 2–6 h, from Latchi. Private for up to 16 guests. Price level €€€€ per group (up to 16 guests).",boat,private;short,paphos,Latchi,,35.0399,32.3962,town,120,2–6 h,€€€€,group,16,https://www.getyourguide.com/latsi-l164447/latchi-private-yacht-charter-on-latchi-icon-t1231504/,0,false,
yacht-charter-along-the-latchi-coast-3-6-589690,589690,Yacht charter along the Latchi coast (3–6 h),"About 3–6 h, from Latchi. Private for up to 12 guests. Price level €€€€ per group (up to 12 guests).",boat,private;half-day,paphos,Latchi,Akamas Peninsula,35.053,32.322,landmark,180,3–6 h,€€€€,group,12,https://www.getyourguide.com/latsi-l164447/latchi-private-yacht-charter-on-latchi-oasis-t589690/,0,false,
yacht-charter-along-the-latchi-coast-with-lunch-498045,498045,Yacht charter along the Latchi coast with lunch,"About 2–6 h, from Latchi. Includes a meal. Private for up to 11 guests. Price level €€€€ per group (up to 11 guests).",boat,meal;private;short,paphos,Latchi,Akamas Peninsula,35.053,32.322,landmark,120,2–6 h,€€€€,group,11,https://www.getyourguide.com/latsi-l164447/latchi-private-yacht-charter-on-latchi-pearl-t498045/,0,false,
yacht-charter-along-the-paphos-coast-1-4-1078552,1078552,Yacht charter along the Paphos coast (1–4 h),"About 1–4 h, from Paphos. Private for up to 20 guests. Price level €€€€ per group (up to 20 guests).",boat,private;short,paphos,Paphos,Coral Bay,34.8538,32.3699,landmark,60,1–4 h,€€€€,group,20,https://www.getyourguide.com/paphos-l426/paphos-sea-safari-cruise-with-blue-marlin-trimaran-yacht-t1078552/,0,false,
yacht-charter-along-the-paphos-coast-2-4-1398994,1398994,Yacht charter along the Paphos coast (2–4 h),"About 2–4 h, from Paphos. Private for up to 20 guests. Price level €€€€ per group (up to 20 guests).",boat,private;short,paphos,Paphos,Paphos Harbour,34.7556,32.411,landmark,120,2–4 h,€€€€,group,20,https://www.getyourguide.com/paphos-l426/paphos-private-luxury-yacht-charter-t1398994/,0,false,
yacht-charter-along-the-paphos-coast-with-drinks-1066756,1066756,Yacht charter along the Paphos coast with drinks,"About 2–6 h, from Paphos. Includes drinks. Private for up to 12 guests. Price level €€€€ per group (up to 12 guests).",boat,private;short,paphos,Paphos,Paphos Harbour,34.7556,32.411,landmark,120,2–6 h,€€€€,group,12,https://www.getyourguide.com/peyia-l164449/paphos-private-yacht-charter-with-captain-and-drinks-t1066756/,0,false,
yacht-charter-to-the-akamas-1033372,1033372,Yacht charter to the Akamas,"About 4 h, from Latchi. Takes in the Akamas. Private. Price level €€€ per person.",boat,private;half-day,paphos,Latchi,Akamas Peninsula,35.053,32.322,landmark,240,4 h,€€€,person,,https://www.getyourguide.com/latsi-l164447/latchi-yacht-charter-safari-in-the-akamas-t1033372/,0,false,
yacht-charter-to-the-blue-lagoon-1-6-732005,732005,Yacht charter to the Blue Lagoon (1–6 h),"About 1–6 h, from Polis. Takes in the Blue Lagoon. Private. Price level €€ per person.",boat,private;short,paphos,Polis,Blue Lagoon (Akamas),35.0828,32.3058,landmark,60,1–6 h,€€,person,,https://www.getyourguide.com/polis-l4554/jeanneau-nc33-luxury-yacht-charter-to-blue-lagoon-t732005/,0,false,
yacht-charter-to-the-blue-lagoon-4-1089851,1089851,Yacht charter to the Blue Lagoon (4 h),"About 4 h, from Polis. Takes in the Blue Lagoon. Private for up to 14 guests. Price level €€€€ per group (up to 14 guests).",boat,private;half-day,paphos,Polis,Blue Lagoon (Akamas),35.0828,32.3058,landmark,240,4 h,€€€€,group,14,https://www.getyourguide.com/polis-l4554/blue-lagoon-karnic-cs10-private-yacht-with-fruits-t1089851/,0,false,
yacht-charter-to-the-blue-lagoon-and-the-akamas-with-open-bar-982927,982927,Yacht charter to the Blue Lagoon & the Akamas with open bar,"About 3–6 h, from Paphos. Takes in the Blue Lagoon and the Akamas. Includes hotel pickup and open bar. Private for up to 11 guests. Price level €€€€ per group (up to 11 guests).",boat,pickup;private;half-day,paphos,Paphos,Blue Lagoon (Akamas),35.0828,32.3058,landmark,180,3–6 h,€€€€,group,11,https://www.getyourguide.com/latsi-l164447/latchi-private-yacht-charter-paphos-transfer-available-t982927/,0,false,
7-day-wellness-retreat-1421430,1421430,7-day wellness retreat,"7 days, from Paphos. Includes a meal. Price level €€€€ per person.",classes,meal;multi-day,paphos,Paphos,,34.7754,32.4218,town,10080,7 days,€€€€,person,,https://www.getyourguide.com/paphos-district-l1351/cyprus-7-day-self-discovery-retreat-at-aphrodite-beach-t1421430/,0,false,
holiday-photoshoot-with-a-pro-photographer-in-paphos-1-1494604,1494604,Holiday photoshoot with a pro photographer in Paphos (1 h),"About 1 h, from Paphos. Small group. Price level €€€ per person.",classes,small-group;short,paphos,Paphos,,34.7754,32.4218,town,60,1 h,€€€,person,,https://www.getyourguide.com/paphos-l426/paphos-old-town-solo-traveler-photoshoot-experience-t1494604/,0,false,
holiday-photoshoot-with-a-pro-photographer-in-paphos-2-1087667,1087667,Holiday photoshoot with a pro photographer in Paphos (2 h),"About 2 h, from Paphos. Includes hotel pickup. Small group. Price level €€€€ per person.",classes,pickup;small-group;short,paphos,Paphos,,34.7754,32.4218,town,120,2 h,€€€€,person,,https://www.getyourguide.com/paphos-l426/paphos-professional-photography-session-t1087667/,0,false,
mindful-yoga-with-rescue-puppies-1096915,1096915,Mindful yoga with rescue puppies,"About 1 h, from Paphos. Small group. Price level € per person.",classes,small-group;short,paphos,Paphos,,34.7754,32.4218,town,60,1 h,€,person,,https://www.getyourguide.com/peyia-l164449/paphos-peyia-mindful-yoga-with-rescue-puppies-t1096915/,0,false,
private-wellness-workshop-with-sea-views-1250095,1250095,Private wellness workshop with sea views,"About 2 h, from Tala. Private for up to 2 guests. Price level €€€€ per group (up to 2 guests).",classes,private;short,paphos,Tala,,34.8361,32.431,town,120,2 h,€€€€,group,2,https://www.getyourguide.com/tala-cyprus-l257161/tala-paphos-private-wellness-workshop-with-sea-views-t1250095/,0,false,
day-trip-aphrodite-s-rock-lefkara-and-ancient-kourion-425686,425686,"Day trip: Aphrodite's Rock, Lefkara & Ancient Kourion","About 7 h, from Paphos. Takes in Aphrodite's Rock, Lefkara and Ancient Kourion. Includes hotel pickup. Price level €€ per person.",culture,pickup;full-day,paphos,Paphos,Aphrodite's Rock,34.6641,32.6271,landmark,420,7 h,€€,person,,https://www.getyourguide.com/pano-lefkara-l127763/paphos-tour-to-ancient-kourion-unique-lefkara-and-limassol-t425686/,0,false,
day-trip-chrysoroyiatissa-monastery-kykkos-monastery-and-omodos-416010,416010,"Day trip: Chrysoroyiatissa Monastery, Kykkos Monastery & Omodos","About 8 h, from Paphos. Takes in Chrysoroyiatissa Monastery, Kykkos Monastery and Omodos. Includes hotel pickup. Price level €€ per person.",culture,pickup;full-day,paphos,Paphos,Chrysoroyiatissa Monastery,34.8835,32.6163,landmark,480,8 h,€€,person,,https://www.getyourguide.com/paphos-l426/from-paphos-troodos-peaks-mountain-flavors-t416010/,0,false,
day-trip-famagusta-old-town-302848,302848,Day trip: Famagusta old town,"About 12 h, from Paphos. Takes in Famagusta old town. Includes hotel pickup. Price level €€ per person.",culture,pickup;full-day,paphos,Paphos,,34.7754,32.4218,town,720,12 h,€€,person,,https://www.getyourguide.com/paphos-l426/from-paphos-discover-famagusta-t302848/,0,true,Famagusta
day-trip-kyrenia-967301,967301,Day trip: Kyrenia,"About 10 h, from Paphos. Takes in Kyrenia. Includes hotel pickup. Price level €€ per person.",culture,pickup;full-day,paphos,Paphos,,34.7754,32.4218,town,600,10 h,€€,person,,https://www.getyourguide.com/paphos-l426/from-paphos-cultural-craft-wine-journey-t967301/,0,true,Kyrenia
day-trip-kyrenia-bellapais-abbey-and-st-hilarion-castle-457782,457782,"Day trip: Kyrenia, Bellapais Abbey & St Hilarion Castle","About 9 h, from Paphos. Takes in Kyrenia, Bellapais Abbey and St Hilarion Castle. Includes hotel pickup. Price level €€ per person.",culture,pickup;full-day,paphos,Paphos,,34.7754,32.4218,town,540,9 h,€€,person,,https://www.getyourguide.com/kyrenia-l924/paphos-tour-kyrenia-st-hilarion-and-bellapais-abbey-t457782/,0,true,Kyrenia
day-trip-larnaca-and-nicosia-425078,425078,Day trip: Larnaca & Nicosia,"About 8–9 h, from Paphos. Takes in Larnaca and Nicosia. Includes hotel pickup. Price level €€ per person.",culture,pickup;full-day,paphos,Paphos,,34.7754,32.4218,town,480,8–9 h,€€,person,,https://www.getyourguide.com/paphos-l426/paphos-divided-nicosia-north-cyprus-walk-in-and-larnaca-t425078/,0,false,
day-trip-larnaca-lefkara-and-nicosia-660317,660317,"Day trip: Larnaca, Lefkara & Nicosia","About 9 h, from Paphos. Takes in Larnaca, Lefkara and Nicosia. Includes hotel pickup. Price level €€ per person.",culture,pickup;full-day,paphos,Paphos,,34.7754,32.4218,town,540,9 h,€€,person,,https://www.getyourguide.com/paphos-l426/from-paphos-larnaca-highlights-tour-with-lefkara-nicosia-t660317/,0,false,
day-trip-lefkara-and-nicosia-8-1273501,1273501,Day trip: Lefkara & Nicosia (8 h),"About 8 h, from Paphos. Takes in Lefkara and Nicosia. Includes hotel pickup. Price level €€€ per person.",culture,pickup;full-day,paphos,Paphos,,34.7754,32.4218,town,480,8 h,€€€,person,,https://www.getyourguide.com/nicosia-l415/from-paphos-to-nicosia-inside-europe-s-divided-capital-t1273501/,0,false,
day-trip-lefkara-and-nicosia-9-1233804,1233804,Day trip: Lefkara & Nicosia (9 h),"About 9 h, from Paphos. Takes in Lefkara and Nicosia. Includes hotel pickup. Price level €€ per person.",culture,pickup;full-day,paphos,Paphos,,34.7754,32.4218,town,540,9 h,€€,person,,https://www.getyourguide.com/pano-lefkara-l127763/from-paphos-lefkara-lace-and-nicosia-experience-t1233804/,0,false,
day-trip-lefkara-and-nicosia-old-town-1444985,1444985,Day trip: Lefkara & Nicosia old town,"About 8 h, from Paphos. Takes in Lefkara and Nicosia old town. Includes hotel pickup. Price level €€ per person.",culture,pickup;full-day,paphos,Paphos,,34.7754,32.4218,town,480,8 h,€€,person,,https://www.getyourguide.com/nicosia-l415/lefkara-and-nicosia-guided-walking-tour-from-paphos-t1444985/,0,false,
day-trip-lefkara-nicosia-and-larnaca-798028,798028,"Day trip: Lefkara, Nicosia & Larnaca","About 9.5 h, from Paphos. Takes in Lefkara, Nicosia and Larnaca. Includes hotel pickup. Price level €€ per person.",culture,pickup;full-day,paphos,Paphos,,34.7754,32.4218,town,570,9.5 h,€€,person,,https://www.getyourguide.com/larnaca-l1587/from-paphos-island-roundtrip-lefkara-nicosia-larnaca-t798028/,0,false,
day-trip-nicosia-801628,801628,Day trip: Nicosia,"About 8 h, from Paphos. Takes in Nicosia. Includes hotel pickup. Price level €€ per person.",culture,pickup;full-day,paphos,Paphos,,34.7754,32.4218,town,480,8 h,€€,person,,https://www.getyourguide.com/nicosia-l415/from-paphos-nicosia-free-time-for-shopping-sightseeing-t801628/,0,false,
day-trip-nicosia-french-speaking-guide-1056783,1056783,Day trip: Nicosia (French-speaking guide),"About 8.5–10.5 h, from Paphos. Takes in Nicosia. Includes hotel pickup. French-speaking guide. Price level €€ per person.",culture,pickup;full-day;guide-french,paphos,Paphos,,34.7754,32.4218,town,510,8.5–10.5 h,€€,person,,https://www.getyourguide.com/nicosia-l415/nicosia-day-trip-by-bus-with-a-french-speaking-live-guide-t1056783/,0,false,
day-trip-nicosia-polish-speaking-guide-821334,821334,Day trip: Nicosia (Polish-speaking guide),"About 8 h, from Paphos. Takes in Nicosia. Includes hotel pickup. Polish-speaking guide. Price level €€ per person.",culture,pickup;full-day;guide-polish,paphos,Paphos,,34.7754,32.4218,town,480,8 h,€€,person,,https://www.getyourguide.com/paphos-l426/from-paphos-nicosia-tour-in-polish-t821334/,0,false,
day-trip-nicosia-and-lefkara-416051,416051,Day trip: Nicosia & Lefkara,"About 8 h, from Paphos. Takes in Nicosia and Lefkara. Includes hotel pickup. Price level €€ per person.",culture,pickup;full-day,paphos,Paphos,,34.7754,32.4218,town,480,8 h,€€,person,,https://www.getyourguide.com/paphos-l426/from-paphos-lefkara-nicosia-s-divided-past-present-t416051/,0,false,
day-trip-paphos-archaeological-park-tombs-of-the-kings-and-1429628,1429628,"Day trip: Paphos Archaeological Park, Tombs of the Kings & Peyia sea caves","About 8 h, from Paphos. Takes in Paphos Archaeological Park, the Tombs of the Kings and the Peyia sea caves. Includes hotel pickup. Price level €€ per person.",culture,pickup;full-day,paphos,Paphos,Paphos Archaeological Park,34.7596,32.4075,landmark,480,8 h,€€,person,,https://www.getyourguide.com/the-edro-iii-shipwreck-l225936/paphos-guided-tour-of-kato-paphos-tombs-and-sea-caves-t1429628/,0,false,
day-trip-paphos-heritage-and-highlights-1429881,1429881,Day trip: Paphos heritage & highlights,"About 8 h, from Paphos. Includes hotel pickup. Price level €€ per person.",culture,pickup;full-day,paphos,Paphos,,34.7754,32.4218,town,480,8 h,€€,person,,https://www.getyourguide.com/paphos-l426/heart-of-paphos-old-town-and-heritage-walk-t1429881/,0,false,
day-trip-salamis-varosha-and-famagusta-old-town-10-770252,770252,"Day trip: Salamis, Varosha & Famagusta old town (10 h)","About 10 h, from Paphos. Takes in Salamis, Varosha and Famagusta old town. Includes hotel pickup. Price level €€ per person.",culture,pickup;full-day,paphos,Paphos,,34.7754,32.4218,town,600,10 h,€€,person,,https://www.getyourguide.com/paphos-l426/from-paphos-famagusta-salamis-varosha-ghost-town-t770252/,0,true,Salamis
day-trip-salamis-varosha-and-famagusta-old-town-11-416047,416047,"Day trip: Salamis, Varosha & Famagusta old town (11 h)","About 11 h, from Paphos. Takes in Salamis, Varosha and Famagusta old town. Includes hotel pickup. Price level €€ per person.",culture,pickup;full-day,paphos,Paphos,,34.7754,32.4218,town,660,11 h,€€,person,,https://www.getyourguide.com/paphos-district-l1351/paphos-to-famagusta-lost-cities-coastal-secrets-of-cyprus-t416047/,0,true,Salamis
day-trip-salamis-varosha-and-famagusta-old-town-11-989021,989021,"Day trip: Salamis, Varosha & Famagusta old town (11 h)","About 11 h, from Paphos. Takes in Salamis, Varosha and Famagusta old town. Includes hotel pickup. Price level €€ per person.",culture,pickup;full-day,paphos,Paphos,,34.7754,32.4218,town,660,11 h,€€,person,,https://www.getyourguide.com/paphos-l426/from-paphos-famagusta-salamis-and-varosha-walking-tour-t989021/,0,true,Salamis
day-trip-salamis-varosha-and-famagusta-old-town-9-457788,457788,"Day trip: Salamis, Varosha & Famagusta old town (9 h)","About 9 h, from Paphos. Takes in Salamis, Varosha and Famagusta old town. Includes hotel pickup. Price level €€ per person.",culture,pickup;full-day,paphos,Paphos,,34.7754,32.4218,town,540,9 h,€€,person,,https://www.getyourguide.com/famagusta-l32234/paphos-tour-famagusta-ancient-salamis-and-ghost-town-t457788/,0,true,Salamis
half-day-tour-agios-neophytos-monastery-525342,525342,Half-day tour: Agios Neophytos Monastery,"About 4 h, from Paphos. Takes in Agios Neophytos Monastery. Includes hotel pickup. Price level €€ per person.",culture,pickup;half-day,paphos,Paphos,Agios Neophytos Monastery,34.8453,32.4473,landmark,240,4 h,€€,person,,https://www.getyourguide.com/paphos-l426/from-paphos-afternoon-tour-to-agios-neophytos-monastery-t525342/,0,false,
half-day-tour-agios-neophytos-monastery-and-latchi-french-1063075,1063075,Half-day tour: Agios Neophytos Monastery & Latchi (French-speaking guide),"About 4.5 h, from Paphos. Takes in Agios Neophytos Monastery and Latchi. Includes hotel pickup. French-speaking guide. Price level €€ per person.",culture,pickup;half-day;guide-french,paphos,Paphos,Agios Neophytos Monastery,34.8453,32.4473,landmark,270,4.5 h,€€,person,,https://www.getyourguide.com/paphos-l426/st-neophyte-monastery-latchi-guided-french-speaking-tour-t1063075/,0,false,
half-day-tour-paphos-heritage-and-highlights-965647,965647,Half-day tour: Paphos heritage & highlights,"About 5 h, from Paphos. Includes hotel pickup. Price level €€€€ per group (up to 10 guests).",culture,pickup;half-day,paphos,Paphos,Peyia sea caves,34.8615,32.353,landmark,300,5 h,€€€€,group,10,https://www.getyourguide.com/agios-georgios-l218390/pafos-ancient-cyprus-and-coastal-landmarks-t965647/,0,false,
half-day-tour-tombs-of-the-kings-461696,461696,Half-day tour: Tombs of the Kings,"About 4 h, from Paphos. Takes in the Tombs of the Kings. Includes hotel pickup. Price level €€ per person.",culture,pickup;half-day,paphos,Paphos,Tombs of the Kings,34.7763,32.405,landmark,240,4 h,€€,person,,https://www.getyourguide.com/paphos-l426/paphos-half-day-city-tour-t461696/,0,false,
private-day-trip-lefkara-and-nicosia-1407801,1407801,Private day trip: Lefkara & Nicosia,"About 8 h, from Paphos. Takes in Lefkara and Nicosia. Includes hotel pickup. Private for up to 6 guests. Price level €€€€ per group (up to 6 guests).",culture,pickup;private;full-day,paphos,Paphos,,34.7754,32.4218,town,480,8 h,€€€€,group,6,https://www.getyourguide.com/pano-lefkara-l127763/from-papfos-lefkara-nicosia-villages-culture-history-t1407801/,0,false,
private-walking-tour-paphos-old-town-613860,613860,Private walking tour: Paphos old town,"About 3.5 h, from Paphos. Private. Price level €€€ per person.",culture,private;half-day,paphos,Paphos,,34.7754,32.4218,town,210,3.5 h,€€€,person,,https://www.getyourguide.com/paphos-l426/paphos-private-walking-tour-with-a-local-guide-t613860/,0,false,
open-water-diver-course-1425137,1425137,Open Water diver course,"3 days, from Latchi. Small group. Price level €€€€ per person.",diving,small-group;multi-day,paphos,Latchi,Akamas Peninsula,35.053,32.322,landmark,4320,3 days,€€€€,person,,https://www.getyourguide.com/latsi-l164447/latchi-padi-open-water-diver-course-with-e-learning-t1425137/,0,false,
private-snorkelling-cruise-579303,579303,Private snorkelling cruise,"About 3–4 h, from Paphos. Includes hotel pickup. Private for up to 12 guests. Price level €€€€ per group (up to 12 guests).",diving,pickup;private;half-day,paphos,Paphos,,34.7754,32.4218,town,180,3–4 h,€€€€,group,12,https://www.getyourguide.com/paphos-l426/escape-to-blue-lagoon-with-amore-mio-yatchs-t579303/,0,false,
sea-scooter-snorkel-trip-744163,744163,Sea-scooter snorkel trip,"About 3–4 h, from Paphos. Includes hotel pickup. Price level €€ per person.",diving,pickup;half-day,paphos,Paphos,,34.7754,32.4218,town,180,3–4 h,€€,person,,https://www.getyourguide.com/paphos-l426/paphos-turtle-watching-snorkeling-sea-scooter-trip-t744163/,0,false,
snorkelling-cruise-at-moulia-rocks-790134,790134,Snorkelling cruise at Moulia Rocks,"About 2.5 h, from Paphos. Takes in Moulia Rocks. Small group. Price level €€ per person.",diving,small-group;short,paphos,Paphos,Moulia Rocks,34.724,32.4347,landmark,150,2.5 h,€€,person,,https://www.getyourguide.com/paphos-l426/from-paphos-snorkeling-at-moulia-rocks-boat-t790134/,0,false,
snorkelling-in-the-paphos-marine-area-from-the-shore-781324,781324,Snorkelling in the Paphos marine area (from the shore),"About 2 h, from Paphos. Price level €€ per person.",diving,short,paphos,Paphos,Paphos Harbour,34.7556,32.411,landmark,120,2 h,€€,person,,https://www.getyourguide.com/paphos-l426/from-paphos-snorkeling-at-the-marine-park-shore-t781324/,0,false,
try-dive-for-beginners-3-415183,415183,Try-dive for beginners (3 h),"About 3 h, from Paphos. Small group, no experience needed. Price level €€€ per person.",diving,small-group;beginners;half-day,paphos,Paphos,,34.7754,32.4218,town,180,3 h,€€€,person,,https://www.getyourguide.com/paphos-l426/paphos-discover-scuba-diving-half-day-tour-t415183/,0,false,
try-dive-for-beginners-4-920404,920404,Try-dive for beginners (4 h),"About 4 h, from Paphos. Includes hotel pickup. Small group, no experience needed. Price level €€€€ per person.",diving,pickup;small-group;beginners;half-day,paphos,Paphos,,34.7754,32.4218,town,240,4 h,€€€€,person,,https://www.getyourguide.com/paphos-l426/paphos-discover-scuba-diving-experience-with-pickup-t920404/,0,false,
turtle-spotting-snorkel-trip-off-paphos-1011069,1011069,Turtle-spotting snorkel trip off Paphos,"About 4 h, from Chloraka. Takes in Paphos. Price level €€ per person.",diving,half-day,paphos,Chloraka,Peyia sea caves,34.8615,32.353,landmark,240,4 h,€€,person,,https://www.getyourguide.com/paphos-l426/paphos-sea-turtle-snorkeling-tour-with-guide-t1011069/,0,false,
cyprus-through-the-ages-day-trip-with-lunch-and-wine-132288,132288,Cyprus-through-the-ages day trip with lunch & wine,"About 8 h, from Paphos. Includes hotel pickup and a meal. Price level €€ per person.",food,pickup;meal;full-day,paphos,Paphos,,34.7754,32.4218,town,480,8 h,€€,person,,https://www.getyourguide.com/limassol-l32399/from-paphos-and-limassol-best-of-cyprus-t132288/,0,false,
food-and-tasting-tour-paphos-5-1068455,1068455,Food & tasting tour: Paphos (5 h),"About 5 h, from Paphos. Includes hotel pickup. French-speaking guide. Price level €€ per person.",food,pickup;half-day;guide-french,paphos,Paphos,,34.7754,32.4218,town,300,5 h,€€,person,,https://www.getyourguide.com/paphos-l426/paphos-letymbou-and-panayia-guided-french-speaking-tour-with-tastings-t1068455/,0,false,
food-and-tasting-tour-paphos-6-1157668,1157668,Food & tasting tour: Paphos (6 h),"About 6 h, from Paphos. Includes a meal. Price level €€€ per person.",food,meal;full-day,paphos,Paphos,,34.7754,32.4218,town,360,6 h,€€€,person,,https://www.getyourguide.com/paphos-l426/paphos-culinary-treasures-meticulous-traditional-tour-t1157668/,0,false,
food-and-tasting-tour-paphos-7-416015,416015,Food & tasting tour: Paphos (7 h),"About 7 h, from Paphos. Includes hotel pickup. Price level €€ per person.",food,pickup;full-day,paphos,Paphos,,34.7754,32.4218,town,420,7 h,€€,person,,https://www.getyourguide.com/paphos-l426/authentic-paphos-culture-flavors-traditions-t416015/,0,false,
food-and-wine-tour-paphos-area-wineries-393836,393836,Food & wine tour: Paphos area wineries,"About 8 h, from Paphos. Includes hotel pickup. Price level €€ per person.",food,pickup;full-day,paphos,Paphos,,34.7754,32.4218,town,480,8 h,€€,person,,https://www.getyourguide.com/paphos-l426/paphos-authentic-gourmet-tour-with-wine-and-food-tasting-t393836/,0,false,
old-town-food-tour-paphos-1435548,1435548,Old-town food tour: Paphos,"About 3 h, from Paphos. Small group. Price level €€ per person.",food,small-group;half-day,paphos,Paphos,,34.7754,32.4218,town,180,3 h,€€,person,,https://www.getyourguide.com/paphos-l426/paphos-old-town-cypriot-food-tour-with-local-tastings-t1435548/,0,false,
private-luxury-picnic-934133,934133,Private luxury picnic,"About 4 h, from Mandria. Private. Price level €€€ per person.",food,private;half-day,paphos,Mandria,,34.7027,32.5248,town,240,4 h,€€€,person,,https://www.getyourguide.com/paphos-district-l1351/cyprus-private-luxury-picnic-experience-t934133/,0,false,
private-wine-tasting-at-your-villa-533214,533214,Private wine tasting at your villa,"About 2 h, from Paphos. Private. Price level €€€ per person.",food,private;short,paphos,Paphos,,34.7754,32.4218,town,120,2 h,€€€,person,,https://www.getyourguide.com/limassol-l32399/paphos-wine-tasting-at-your-place-t533214/,0,false,
private-wine-tour-paphos-area-wineries-1403320,1403320,Private wine tour: Paphos area wineries,"About 8 h, from Paphos. Includes hotel pickup and a meal. Private for up to 6 guests. Price level €€€€ per group (up to 6 guests).",food,pickup;meal;private;full-day,paphos,Paphos,,34.7754,32.4218,town,480,8 h,€€€€,group,6,https://www.getyourguide.com/troodos-l254053/from-paphos-cyprus-full-day-tour-with-lunch-wine-tasting-t1403320/,0,false,
romantic-sunset-picnic-with-wine-1442520,1442520,Romantic sunset picnic with wine,"About 1.5 h, from Paphos. Private. Price level €€€ per person.",food,private;romantic;sunset;short,paphos,Paphos,,34.7754,32.4218,town,90,1.5 h,€€€,person,,https://www.getyourguide.com/paphos-district-l1351/paphos-romantic-sunset-picnic-with-wine-couple-experience-t1442520/,0,false,
sunset-painting-session-with-wine-1360866,1360866,Sunset painting session with wine,"About 1.5 h, from Paphos. Private. Price level €€ per person.",food,private;sunset;short,paphos,Paphos,,34.7754,32.4218,town,90,1.5 h,€€,person,,https://www.getyourguide.com/paphos-district-l1351/paphos-sunset-beach-painting-experience-with-wine-t1360866/,0,false,
sunset-painting-session-with-wine-for-two-1396851,1396851,Sunset painting session with wine for two,"About 1.5 h, from Paphos. Private. Price level €€ per person.",food,private;romantic;sunset;short,paphos,Paphos,,34.7754,32.4218,town,90,1.5 h,€€,person,,https://www.getyourguide.com/paphos-district-l1351/paphos-sunset-beach-painting-date-with-wine-for-couples-t1396851/,0,false,
tastes-of-cyprus-food-day-trip-polish-speaking-guide-212889,212889,Tastes of Cyprus food day trip (Polish-speaking guide),"About 8 h, from Paphos. Includes hotel pickup and a meal. Polish-speaking guide. Price level €€ per person.",food,pickup;meal;full-day;guide-polish,paphos,Paphos,,34.7754,32.4218,town,480,8 h,€€,person,,https://www.getyourguide.com/paphos-l426/paphos-half-day-highlights-tour-in-german-t212889/,0,false,
village-bread-making-and-wine-tasting-tour-1280777,1280777,Village bread-making & wine-tasting tour,"About 6 h, from Paphos. Includes hotel pickup and a meal. Price level €€ per person.",food,pickup;meal;full-day,paphos,Paphos,,34.7754,32.4218,town,360,6 h,€€,person,,https://www.getyourguide.com/paphos-l426/paphos-culture-fresh-bread-wine-experience-t1280777/,0,false,
wine-and-halloumi-tasting-with-a-monastery-visit-1095451,1095451,Wine & halloumi tasting with a monastery visit,"About 5 h, from Paphos. Includes hotel pickup. Small group. Price level €€€ per person.",food,pickup;small-group;half-day,paphos,Paphos,Chrysoroyiatissa Monastery,34.8835,32.6163,landmark,300,5 h,€€€,person,,https://www.getyourguide.com/lemona-l169597/paphos-wine-and-halloumi-tasting-tour-with-pickup-t1095451/,0,false,
wine-tour-akamas-peninsula-and-peyia-sea-caves-1140570,1140570,Wine tour: Akamas Peninsula & Peyia sea caves,"About 6 h, from Paphos. Takes in the Akamas and the Peyia sea caves. Includes hotel pickup. Small group. Price level €€€ per person.",food,pickup;small-group;full-day,paphos,Paphos,Akamas Peninsula,35.053,32.322,landmark,360,6 h,€€€,person,,https://www.getyourguide.com/peyia-l164449/myths-waves-wine-cyprus-in-a-day-t1140570/,0,false,
wine-tour-baths-of-aphrodite-and-peyia-sea-caves-1465133,1465133,Wine tour: Baths of Aphrodite & Peyia sea caves,"About 6 h, from Paphos. Takes in the Baths of Aphrodite and the Peyia sea caves. Includes hotel pickup. Price level €€ per person.",food,pickup;full-day,paphos,Paphos,Baths of Aphrodite,35.0564,32.3439,landmark,360,6 h,€€,person,,https://www.getyourguide.com/paphos-l426/from-paphos-sea-caves-baths-of-aphrodite-and-wine-tour-t1465133/,0,false,
wine-tour-paphos-area-wineries-5-1102698,1102698,Wine tour: Paphos area wineries (5 h),"About 5 h, from Paphos. Includes hotel pickup. Small group. Price level €€€€ per group (up to 7 guests).",food,pickup;small-group;half-day,paphos,Paphos,Aphrodite's Rock,34.6641,32.6271,landmark,300,5 h,€€€€,group,7,https://www.getyourguide.com/paphos-l426/paphos-half-day-free-wine-tasting-max-7p-group-full-ac-t1102698/,0,false,
wine-tour-paphos-area-wineries-7-1100506,1100506,Wine tour: Paphos area wineries (7 h),"About 7 h, from Paphos. Includes hotel pickup. Small group. Price level €€€ per person.",food,pickup;small-group;full-day,paphos,Paphos,Chrysoroyiatissa Monastery,34.8835,32.6163,landmark,420,7 h,€€€,person,,https://www.getyourguide.com/paphos-l426/paphos-hills-wine-tour-tsangarides-kolios-vouni-panayia-t1100506/,0,false,
wine-tour-paphos-villages-and-wineries-1134630,1134630,Wine tour: Paphos villages & wineries,"About 8 h, from Paphos. Includes hotel pickup. Price level €€ per person.",food,pickup;full-day,paphos,Paphos,,34.7754,32.4218,town,480,8 h,€€,person,,https://www.getyourguide.com/larnaca-l1587/from-larnacaayia-napaprotaras-nicosia-troodos-limassol-t1134630/,0,false,
day-trip-akamas-peninsula-avakas-gorge-and-lara-bay-1119178,1119178,"Day trip: Akamas Peninsula, Avakas Gorge & Lara Bay","About 8 h, from Paphos. Takes in the Akamas, Avakas Gorge, Lara Bay and the Baths of Aphrodite. Includes hotel pickup. Price level €€ per person.",nature,pickup;full-day,paphos,Paphos,Akamas Peninsula,35.053,32.322,landmark,480,8 h,€€,person,,https://www.getyourguide.com/peyia-l164449/akamas-white-stone-river-off-road-with-free-cypriot-coffee-t1119178/,0,false,
day-trip-avakas-gorge-and-lara-bay-1066151,1066151,Day trip: Avakas Gorge & Lara Bay,"About 7 h, from Paphos. Takes in Avakas Gorge and Lara Bay. Includes hotel pickup. Price level €€ per person.",nature,pickup;full-day,paphos,Paphos,Avakas Gorge,34.9257,32.3314,landmark,420,7 h,€€,person,,https://www.getyourguide.com/peyia-l164449/avakas-gorge-lara-beach-swim-minibus-adventure-from-pafos-t1066151/,0,false,
day-trip-mountain-villages-1219628,1219628,Day trip: mountain villages,"About 8 h, from Paphos. Includes hotel pickup. Small group. Price level €€€ per person.",nature,pickup;small-group;full-day,paphos,Paphos,,34.7754,32.4218,town,480,8 h,€€€,person,,https://www.getyourguide.com/paphos-l426/paphospolis-scenic-mountain-adventure-t1219628/,0,false,
donkey-farm-day-trip-with-lunch-and-tastings-616860,616860,Donkey farm day trip with lunch & tastings,"About 8 h, from Paphos. Includes hotel pickup and a meal. Good for families. Price level €€ per person.",nature,pickup;meal;family;full-day,paphos,Paphos,,34.7754,32.4218,town,480,8 h,€€,person,,https://www.getyourguide.com/paphos-l426/paphoslimassol-donkey-farm-day-trip-with-lunch-tastings-t616860/,0,false,
e-mountain-bike-forest-tour-with-lunch-1304039,1304039,E-mountain-bike forest tour with lunch,"About 4 h, from Paphos. Includes a meal. Small group. Price level €€€ per person.",nature,meal;small-group;half-day,paphos,Paphos,,34.7754,32.4218,town,240,4 h,€€€,person,,https://www.getyourguide.com/paphos-district-l1351/paphos-forest-e-mountain-bike-tour-with-lunch-t1304039/,0,false,
family-day-out-sea-caves-donkeys-and-cats-1148856,1148856,"Family day out: sea caves, donkeys & cats","A full day, from Paphos. Takes in the Peyia sea caves. Includes hotel pickup. Small group, good for families. Price level €€ per person.",nature,pickup;small-group;family;full-day,paphos,Paphos,Peyia sea caves,34.8615,32.353,landmark,1440,full day,€€,person,,https://www.getyourguide.com/peyia-l164449/cyprus-wine-gastronomy-tour-wine-food-tasting-t1148856/,0,false,
private-romantic-tour-aphrodite-s-rock-and-adonis-baths-1324627,1324627,Private romantic tour: Aphrodite's Rock & Adonis Baths,"About 5 h, from Paphos. Takes in Aphrodite's Rock and Adonis Baths. Includes hotel pickup. Private. Price level €€€€ per person.",nature,pickup;private;romantic;half-day,paphos,Paphos,Aphrodite's Rock,34.6641,32.6271,landmark,300,5 h,€€€€,person,,https://www.getyourguide.com/paphos-district-l1351/aphrodite-rock-and-adonis-waterfall-romantic-moments-t1324627/,0,false,
buggy-safari-1-5-134676,134676,Buggy safari (1.5 h),"About 1.5 h, from Paphos. Small group. Price level €€€ per person.",safari,small-group;short,paphos,Paphos,,34.7754,32.4218,town,90,1.5 h,€€€,person,,https://www.getyourguide.com/paphos-l426/2-hour-quad-and-buggy-tour-paphos-t134676/,0,false,
buggy-safari-3-143796,143796,Buggy safari (3 h),"About 3 h, from Paphos. Includes hotel pickup. Small group. Price level €€€ per person.",safari,pickup;small-group;half-day,paphos,Paphos,,34.7754,32.4218,town,180,3 h,€€€,person,,https://www.getyourguide.com/paphos-l426/3-hour-quad-safari-tour-t143796/,0,false,
buggy-safari-in-the-akamas-and-lara-bay-1135400,1135400,Buggy safari in the Akamas & Lara Bay,"About 4 h, from Latchi. Takes in the Akamas and Lara Bay. Price level €€€ per person.",safari,half-day,paphos,Latchi,Akamas Peninsula,35.053,32.322,landmark,240,4 h,€€€,person,,https://www.getyourguide.com/polis-l4554/latchi-4-hours-buggy-tour-to-akamas-turtle-bay-t1135400/,0,false,
buggy-safari-in-the-akamas-boat-trip-to-the-blue-lagoon-1381728,1381728,Buggy safari in the Akamas + boat trip to the Blue Lagoon,"About 8 h, from Latchi. Takes in the Akamas. Price level €€€ per person.",safari,full-day,paphos,Latchi,Akamas Peninsula,35.053,32.322,landmark,480,8 h,€€€,person,,https://www.getyourguide.com/donkey-farm-neo-chorio-l216259/7-hours-tour-to-akamas-buggy-and-boat-tour-t1381728/,0,false,
buggy-safari-in-the-akamas-with-lunch-184634,184634,Buggy safari in the Akamas with lunch,"About 4 h, from Paphos. Takes in the Akamas. Includes hotel pickup and a meal. Small group. Price level €€€€ per person.",safari,pickup;meal;small-group;half-day,paphos,Paphos,Akamas Peninsula,35.053,32.322,landmark,240,4 h,€€€€,person,,https://www.getyourguide.com/paphos-l426/paphos-self-drive-quad-utv-safari-to-lara-bay-akamas-t184634/,0,false,
buggy-safari-to-adonis-baths-969109,969109,Buggy safari to Adonis Baths,"About 2 h, from Peyia. Takes in Adonis Baths. Small group. Price level €€ per group (up to 2 guests).",safari,small-group;short,paphos,Peyia,Adonis Baths,34.8703,32.4346,landmark,120,2 h,€€,group,2,https://www.getyourguide.com/paphos-l426/paphos-quad-and-buggy-afternoon-safari-to-adonis-waterfalls-t969109/,0,false,
buggy-safari-to-adonis-baths-and-lara-bay-965324,965324,Buggy safari to Adonis Baths & Lara Bay,"About 4 h, from Peyia. Takes in Adonis Baths and Lara Bay. Small group. Price level €€€ per group (up to 2 guests).",safari,small-group;half-day,paphos,Peyia,Adonis Baths,34.8703,32.4346,landmark,240,4 h,€€€,group,2,https://www.getyourguide.com/peyia-l164449/paphos-akamas-and-adonis-falls-quad-tour-t965324/,0,false,
buggy-safari-to-adonis-baths-the-peyia-sea-caves-and-lara-bay-473308,473308,"Buggy safari to Adonis Baths, the Peyia sea caves & Lara Bay","About 4 h, from Peyia. Takes in Adonis Baths, the Peyia sea caves and Lara Bay. Small group. Price level €€€ per group (up to 2 guests).",safari,small-group;half-day,paphos,Peyia,Adonis Baths,34.8703,32.4346,landmark,240,4 h,€€€,group,2,https://www.getyourguide.com/paphos-l426/paphos-buggy-tour-akamas-incl-and-adonis-falls-t473308/,0,false,
full-day-jeep-safari-615877,615877,Full-day jeep safari,"About 8 h, from Paphos. Includes hotel pickup and a meal. Price level €€€ per person.",safari,pickup;meal;full-day,paphos,Paphos,,34.7754,32.4218,town,480,8 h,€€€,person,,https://www.getyourguide.com/paphos-l426/from-paphos-grand-tour-jeep-safari-t615877/,0,false,
full-day-jeep-safari-boat-trip-to-the-blue-lagoon-10-612529,612529,Full-day jeep safari + boat trip to the Blue Lagoon (10 h),"About 10 h, from Paphos. Includes hotel pickup and a meal. Price level €€€ per person.",safari,pickup;meal;full-day,paphos,Paphos,,34.7754,32.4218,town,600,10 h,€€€,person,,https://www.getyourguide.com/ayia-napa-l124743/surf-and-turf-jeep-safari-and-boat-combination-t612529/,0,false,
full-day-jeep-safari-boat-trip-to-the-blue-lagoon-8-639372,639372,Full-day jeep safari + boat trip to the Blue Lagoon (8 h),"About 8 h, from Paphos. Takes in the Blue Lagoon. Includes hotel pickup. Small group. Price level €€ per person.",safari,pickup;small-group;full-day,paphos,Paphos,Blue Lagoon (Akamas),35.0828,32.3058,landmark,480,8 h,€€,person,,https://www.getyourguide.com/paphos-l426/jeep-safari-in-french-english-to-akamas-national-park-t639372/,0,false,
full-day-jeep-safari-boat-trip-to-the-blue-lagoon-8-568350,568350,Full-day jeep safari + boat trip to the Blue Lagoon (8 h),"About 8 h, from Paphos. Takes in the Blue Lagoon. Includes hotel pickup. Small group. Price level €€ per person.",safari,pickup;small-group;full-day,paphos,Paphos,Blue Lagoon (Akamas),35.0828,32.3058,landmark,480,8 h,€€,person,,https://www.getyourguide.com/peyia-l164449/jeep-boat-4x4-tour-boat-to-blue-lagoon-bbq-on-board-t568350/,0,false,
full-day-jeep-safari-boat-trip-to-the-blue-lagoon-8-10-624702,624702,Full-day jeep safari + boat trip to the Blue Lagoon (8–10 h),"About 8–10 h, from Paphos. Includes hotel pickup. Price level €€ per person.",safari,pickup;full-day,paphos,Paphos,,34.7754,32.4218,town,480,8–10 h,€€,person,,https://www.getyourguide.com/ayia-napa-l124743/surf-and-turf-jeep-safari-and-boat-combination-in-polish-t624702/,0,false,
full-day-jeep-safari-boat-trip-to-the-blue-lagoon-9-1292407,1292407,Full-day jeep safari + boat trip to the Blue Lagoon (9 h),"About 9 h, from Paphos. Takes in the Blue Lagoon. Includes hotel pickup. Price level €€ per person.",safari,pickup;full-day,paphos,Paphos,Blue Lagoon (Akamas),35.0828,32.3058,landmark,540,9 h,€€,person,,https://www.getyourguide.com/latsi-l164447/paphos-jeep-tour-blue-lagoon-cruise-and-snorkeling-t1292407/,0,false,
full-day-jeep-safari-in-the-akamas-1322009,1322009,Full-day jeep safari in the Akamas,"About 8 h, from Paphos. Takes in the Akamas. Includes hotel pickup. Small group. Price level €€ per person.",safari,pickup;small-group;full-day,paphos,Paphos,Akamas Peninsula,35.053,32.322,landmark,480,8 h,€€,person,,https://www.getyourguide.com/troodos-l254053/from-paphos-troodos-observatory-and-rose-factory-by-jeep-t1322009/,0,false,
full-day-jeep-safari-in-the-akamas-and-avakas-gorge-8-552000,552000,Full-day jeep safari in the Akamas & Avakas Gorge (8 h),"About 8 h, from Paphos. Takes in the Akamas and Avakas Gorge. Includes hotel pickup. Small group. Price level €€ per person.",safari,pickup;small-group;full-day,paphos,Paphos,Akamas Peninsula,35.053,32.322,landmark,480,8 h,€€,person,,https://www.getyourguide.com/paphos-l426/4x4-akamas-panorama-exclusive-tour-t552000/,0,false,
full-day-jeep-safari-in-the-akamas-and-avakas-gorge-8-5-994713,994713,Full-day jeep safari in the Akamas & Avakas Gorge (8.5 h),"About 8.5 h, from Paphos. Takes in the Akamas and Avakas Gorge. Includes hotel pickup. Small group. Price level €€ per person.",safari,pickup;small-group;full-day,paphos,Paphos,Akamas Peninsula,35.053,32.322,landmark,510,8.5 h,€€,person,,https://www.getyourguide.com/paphos-l426/the-super-team-akamas-avakas-jeep-safari-from-paphos-t994713/,0,false,
full-day-jeep-safari-in-the-akamas-boat-trip-to-the-blue-lagoon-1292352,1292352,Full-day jeep safari in the Akamas + boat trip to the Blue Lagoon,"About 9 h, from Peyia. Takes in the Akamas and the Blue Lagoon. Includes hotel pickup. Price level €€ per person.",safari,pickup;full-day,paphos,Peyia,Akamas Peninsula,35.053,32.322,landmark,540,9 h,€€,person,,https://www.getyourguide.com/latsi-l164447/akamas-safari-with-blue-lagoon-t1292352/,0,false,
full-day-jeep-safari-in-the-akamas-boat-trip-to-the-blue-lagoon-814588,814588,Full-day jeep safari in the Akamas + boat trip to the Blue Lagoon (7.5 h),"About 7.5 h, from Paphos. Takes in the Akamas and the Blue Lagoon. Includes hotel pickup. Price level €€ per person.",safari,pickup;full-day,paphos,Paphos,Akamas Peninsula,35.053,32.322,landmark,450,7.5 h,€€,person,,https://www.getyourguide.com/peyia-l164449/paphos-akamas-jeep-safari-with-cruise-to-the-blue-lagoon-t814588/,0,false,
full-day-jeep-safari-in-the-akamas-boat-trip-to-the-blue-lagoon-1220549,1220549,Full-day jeep safari in the Akamas + boat trip to the Blue Lagoon (8 h),"About 8 h, from Paphos. Takes in the Akamas. Includes hotel pickup. Small group. Price level €€€ per person.",safari,pickup;small-group;full-day,paphos,Paphos,Akamas Peninsula,35.053,32.322,landmark,480,8 h,€€€,person,,https://www.getyourguide.com/paphos-l426/paphos-akamas-national-park-jeep-boat-tour-t1220549/,0,false,
full-day-jeep-safari-to-avakas-gorge-and-lara-bay-703241,703241,Full-day jeep safari to Avakas Gorge & Lara Bay,"About 7 h, from Paphos. Takes in Avakas Gorge and Lara Bay. Small group, good for families. Price level €€ per person.",safari,small-group;family;full-day,paphos,Paphos,Avakas Gorge,34.9257,32.3314,landmark,420,7 h,€€,person,,https://www.getyourguide.com/paphos-l426/paphos-akamas-gorge-turtle-bay-jeep-tour-with-donkey-farm-t703241/,0,false,
half-day-jeep-safari-in-the-akamas-615727,615727,Half-day jeep safari in the Akamas,"About 4–10 h, from Paphos. Takes in the Akamas. Includes hotel pickup. Small group. Price level €€ per person.",safari,pickup;small-group;half-day,paphos,Paphos,Akamas Peninsula,35.053,32.322,landmark,240,4–10 h,€€,person,,https://www.getyourguide.com/paphos-district-l1351/akamas-jeep-safari-half-day-from-paphos-t615727/,0,false,
private-buggy-safari-734598,734598,Private buggy safari,"About 2 h, from Paphos. Private. Price level €€ per person.",safari,private;short,paphos,Paphos,,34.7754,32.4218,town,120,2 h,€€,person,,https://www.getyourguide.com/paphos-l426/paphos-discovery-t734598/,0,false,
private-full-day-jeep-safari-to-the-blue-lagoon-and-avakas-gorge-619384,619384,Private full-day jeep safari to the Blue Lagoon & Avakas Gorge,"About 8 h, from Paphos. Takes in the Blue Lagoon and Avakas Gorge. Private for up to 9 guests. Price level €€€€ per group (up to 9 guests).",safari,private;full-day,paphos,Paphos,Blue Lagoon (Akamas),35.0828,32.3058,landmark,480,8 h,€€€€,group,9,https://www.getyourguide.com/peyia-l164449/paphos-private-jeep-bath-of-aphrodite-including-waterfalls-t619384/,0,false,
private-full-day-land-rover-safari-in-the-akamas-1283277,1283277,Private full-day Land Rover safari in the Akamas,"About 8 h, from Paphos. Takes in the Akamas. Includes hotel pickup. Private for up to 9 guests. Price level €€€€ per group (up to 9 guests).",safari,pickup;private;full-day,paphos,Paphos,Akamas Peninsula,35.053,32.322,landmark,480,8 h,€€€€,group,9,https://www.getyourguide.com/peyia-l164449/paphos-akamas-private-land-rover-safari-t1283277/,0,false,
private-half-day-jeep-safari-in-the-akamas-600277,600277,Private half-day jeep safari in the Akamas,"About 4.5 h, from Paphos. Takes in the Akamas. Includes hotel pickup. Private for up to 9 guests. Price level €€€€ per group (up to 9 guests).",safari,pickup;private;half-day,paphos,Paphos,Akamas Peninsula,35.053,32.322,landmark,270,4.5 h,€€€€,group,9,https://www.getyourguide.com/peyia-l164449/paphos-private-jeep-tour-akamas-peninsula-half-day-t600277/,0,false,
private-half-day-jeep-safari-in-the-akamas-1277321,1277321,Private half-day jeep safari in the Akamas,"About 4.5 h, from Paphos. Takes in the Akamas. Includes hotel pickup. Private for up to 8 guests. Price level €€€€ per group (up to 8 guests).",safari,pickup;private;half-day,paphos,Paphos,Akamas Peninsula,35.053,32.322,landmark,270,4.5 h,€€€€,group,8,https://www.getyourguide.com/peyia-l164449/paphos-half-day-private-4x4-jeep-safari-to-akamas-t1277321/,0,false,
private-half-day-jeep-safari-to-adonis-baths-783777,783777,Private half-day jeep safari to Adonis Baths,"About 4.5 h, from Peyia. Takes in Adonis Baths. Private for up to 8 guests. Price level €€€€ per group (up to 8 guests).",safari,private;half-day,paphos,Peyia,Adonis Baths,34.8703,32.4346,landmark,270,4.5 h,€€€€,group,8,https://www.getyourguide.com/paphos-l426/private-jeep-safari-turtle-adventure-adonis-waterfalls-t783777/,0,false,
private-half-day-jeep-safari-to-avakas-gorge-with-wine-tasting-1091335,1091335,Private half-day jeep safari to Avakas Gorge with wine tasting,"About 5 h, from Paphos. Takes in Avakas Gorge. Includes hotel pickup. Private for up to 8 guests. Price level €€€€ per group (up to 8 guests).",safari,pickup;private;half-day,paphos,Paphos,Avakas Gorge,34.9257,32.3314,landmark,300,5 h,€€€€,group,8,https://www.getyourguide.com/peyia-l164449/-paphos-private-tour-akamas-avakas-turtle-bay-winery--t1091335/,0,false,
quad-and-buggy-safari-3-1395676,1395676,Quad & buggy safari (3 h),"About 3 h, from Paphos. Includes hotel pickup. Price level €€€ per group (up to 2 guests).",safari,pickup;half-day,paphos,Paphos,Adonis Baths,34.8703,32.4346,landmark,180,3 h,€€€,group,2,https://www.getyourguide.com/chloraka-l189235/paphos-25-3-hour-express-quad-buggy-safari-tour-t1395676/,0,false,
quad-and-buggy-safari-5-1397554,1397554,Quad & buggy safari (5 h),"About 5 h, from Paphos. Includes hotel pickup. Price level €€€ per group (up to 2 guests).",safari,pickup;half-day,paphos,Paphos,Adonis Baths,34.8703,32.4346,landmark,300,5 h,€€€,group,2,https://www.getyourguide.com/paphos-l426/paphos-45-hour-half-day-quad-buggy-safari-tour-t1397554/,0,false,
quad-and-buggy-safari-to-aphrodite-s-rock-175473,175473,Quad & buggy safari to Aphrodite's Rock,"About 2 h, from Paphos. Takes in Aphrodite's Rock. Small group. Price level €€€ per person.",safari,small-group;short,paphos,Paphos,Aphrodite's Rock,34.6641,32.6271,landmark,120,2 h,€€€,person,,https://www.getyourguide.com/paphos-l426/paphos-jeep-4x4-buggy-safari-tour-to-aphrodite-s-rock-t175473/,0,false,
quad-and-buggy-safari-to-coral-bay-and-lara-bay-1187114,1187114,Quad & buggy safari to Coral Bay & Lara Bay,"About 3 h, from Paphos. Takes in Coral Bay and Lara Bay. Small group. Price level €€€ per person.",safari,small-group;half-day,paphos,Paphos,Coral Bay,34.8538,32.3699,landmark,180,3 h,€€€,person,,https://www.getyourguide.com/paphos-l426/from-paphos-coral-bay-and-lara-bay-guided-quad-buggy-tour-t1187114/,0,false,
quad-and-buggy-safari-to-coral-bay-and-the-akamas-1187182,1187182,Quad & buggy safari to Coral Bay & the Akamas,"About 5 h, from Paphos. Takes in Coral Bay and the Akamas. Small group. Price level €€€ per person.",safari,small-group;half-day,paphos,Paphos,Coral Bay,34.8538,32.3699,landmark,300,5 h,€€€,person,,https://www.getyourguide.com/peyia-l164449/paphos-coral-bay-and-akamas-forest-guided-quad-buggy-tour-t1187182/,0,false,
segway-tour-748529,748529,Segway tour,"About 1 h 50 min, from Paphos. Small group. Price level €€ per person.",safari,small-group;short,paphos,Paphos,,34.7754,32.4218,town,110,1 h 50 min,€€,person,,https://www.getyourguide.com/paphos-l426/paphos-segway-tour-t748529/,0,false,
beach-walk-with-rescue-dogs-1155410,1155410,Beach walk with rescue dogs,"About 1 h, from Paphos. Small group. Price level € per person.",sightseeing,small-group;short,paphos,Paphos,,34.7754,32.4218,town,60,1 h,€,person,,https://www.getyourguide.com/paphos-l426/paphos-lighthouse-area-beach-walk-with-rescue-dogs-t1155410/,0,false,
coffee-and-cake-with-rescue-puppies-1129775,1129775,Coffee & cake with rescue puppies,"About 1.5 h, from Paphos. Small group. Price level € per person.",sightseeing,small-group;short,paphos,Paphos,,34.7754,32.4218,town,90,1.5 h,€,person,,https://www.getyourguide.com/paphos-l426/paphos-peyia-coffee-cake-and-cuddles-with-rescue-puppies-t1129775/,0,false,
day-trip-in-the-footsteps-of-aphrodite-polish-speaking-guide-211104,211104,Day trip in the footsteps of Aphrodite (Polish-speaking guide),"About 8 h, from Paphos. Includes hotel pickup and a meal. Polish-speaking guide. Price level €€ per person.",sightseeing,pickup;meal;full-day;guide-polish,paphos,Paphos,,34.7754,32.4218,town,480,8 h,€€,person,,https://www.getyourguide.com/paphos-l426/nicosia-tour-of-the-divided-city-from-paphos-in-german-t211104/,0,false,
day-trip-limassol-95280,95280,Day trip: Limassol,"About 9 h, from Paphos. Takes in Limassol. Includes hotel pickup. Price level € per person.",sightseeing,pickup;full-day,paphos,Paphos,,34.7754,32.4218,town,540,9 h,€,person,,https://www.getyourguide.com/paphos-l426/from-paphos-local-experience-limassol-t95280/,0,false,
day-trip-limassol-and-aphrodite-s-rock-973059,973059,Day trip: Limassol & Aphrodite's Rock,"About 7 h, from Paphos. Takes in Limassol and Aphrodite's Rock. Includes hotel pickup. Price level €€ per person.",sightseeing,pickup;full-day,paphos,Paphos,Aphrodite's Rock,34.6641,32.6271,landmark,420,7 h,€€,person,,https://www.getyourguide.com/famagusta-l32234/from-paphos-limassol-city-rock-of-aphrodite-t973059/,0,false,
day-trip-limassol-and-aphrodite-s-rock-416054,416054,Day trip: Limassol & Aphrodite's Rock,"About 7 h, from Paphos. Takes in Limassol and Aphrodite's Rock. Includes hotel pickup. Price level €€ per person.",sightseeing,pickup;full-day,paphos,Paphos,Aphrodite's Rock,34.6641,32.6271,landmark,420,7 h,€€,person,,https://www.getyourguide.com/paphos-l426/from-paphos-guided-tour-of-limassol-with-rock-of-aphrodite-t416054/,0,false,
day-trip-limassol-and-aphrodite-s-rock-1234291,1234291,Day trip: Limassol & Aphrodite's Rock,"About 7 h, from Paphos. Takes in Limassol and Aphrodite's Rock. Includes hotel pickup. Price level €€ per person.",sightseeing,pickup;full-day,paphos,Paphos,Aphrodite's Rock,34.6641,32.6271,landmark,420,7 h,€€,person,,https://www.getyourguide.com/paphos-l426/from-paphos-limassol-aphrodite-s-rock-with-free-time-t1234291/,0,false,
day-trip-limassol-and-aphrodite-s-rock-1060487,1060487,Day trip: Limassol & Aphrodite's Rock,"About 7 h, from Paphos. Takes in Limassol and Aphrodite's Rock. Includes hotel pickup. Price level €€ per person.",sightseeing,pickup;full-day,paphos,Paphos,Aphrodite's Rock,34.6641,32.6271,landmark,420,7 h,€€,person,,https://www.getyourguide.com/paphos-l426/limassol-beach-day-from-paphos-sea-park-aphrodite-s-rock-t1060487/,0,false,
half-day-tour-coral-bay-and-adonis-baths-447091,447091,Half-day tour: Coral Bay & Adonis Baths,"About 2–5 h, from Paphos. Takes in Coral Bay and Adonis Baths. Small group. Price level €€ per person.",sightseeing,small-group;short,paphos,Paphos,Coral Bay,34.8538,32.3699,landmark,120,2–5 h,€€,person,,https://www.getyourguide.com/peyia-l164449/paphos-coral-bay-adonis-baths-quad-or-buggy-safari-t447091/,0,false,
half-day-tour-paphos-highlights-992728,992728,Half-day tour: Paphos highlights,"About 5 h, from Paphos. Includes hotel pickup. Price level €€ per person.",sightseeing,pickup;half-day,paphos,Paphos,Agios Neophytos Monastery,34.8453,32.4473,landmark,300,5 h,€€,person,,https://www.getyourguide.com/yeroskipou-l1352/paphos-half-day-sightseeing-tour-t992728/,0,false,
half-day-tour-paphos-highlights-french-speaking-guide-1042479,1042479,Half-day tour: Paphos highlights (French-speaking guide),"About 5 h, from Paphos. Includes hotel pickup. French-speaking guide. Price level €€ per person.",sightseeing,pickup;half-day;guide-french,paphos,Paphos,Paphos Archaeological Park,34.7596,32.4075,landmark,300,5 h,€€,person,,https://www.getyourguide.com/paphos-l426/paphos-half-day-bus-tour-with-english-speaking-guide-t1042479/,0,false,
private-day-trip-aphrodite-s-rock-and-coral-bay-970932,970932,Private day trip: Aphrodite's Rock & Coral Bay,"About 6 h, from Paphos. Takes in Aphrodite's Rock and Coral Bay. Includes hotel pickup. Private. Price level €€€€ per person.",sightseeing,pickup;private;full-day,paphos,Paphos,Aphrodite's Rock,34.6641,32.6271,landmark,360,6 h,€€€€,person,,https://www.getyourguide.com/paphos-l426/paphos-private-tour-aphrodite-s-rock-to-coral-bay-t970932/,0,false,
private-day-trip-aphrodite-s-rock-paphos-and-peyia-sea-caves-1326848,1326848,"Private day trip: Aphrodite's Rock, Paphos & Peyia sea caves","About 7 h, from Peyia. Takes in Aphrodite's Rock, Paphos and the Peyia sea caves. Includes hotel pickup. Private for up to 6 guests. Price level €€€€ per group (up to 6 guests).",sightseeing,pickup;private;full-day,paphos,Peyia,Aphrodite's Rock,34.6641,32.6271,landmark,420,7 h,€€€€,group,6,https://www.getyourguide.com/paphos-l426/aphrodite-s-rock-paphos-and-sea-caves-tour-t1326848/,0,false,
romantic-beach-breakfast-for-two-1443759,1443759,Romantic beach breakfast for two,"About 1.5 h, from Paphos. Includes a meal. Private. Price level €€€ per person.",sightseeing,meal;private;romantic;short,paphos,Paphos,,34.7754,32.4218,town,90,1.5 h,€€€,person,,https://www.getyourguide.com/paphos-l426/paphos-romantic-beach-breakfast-for-two-with-activity-t1443759/,0,false,
stargazing-evening-with-drinks-1217396,1217396,Stargazing evening with drinks,"About 3.5 h, from Paphos. Includes hotel pickup. Small group. Price level €€ per person.",sightseeing,pickup;small-group;half-day,paphos,Paphos,,34.7754,32.4218,town,210,3.5 h,€€,person,,https://www.getyourguide.com/paphos-l426/paphos-stargazing-tour-with-drinks-t1217396/,0,false,
adonis-baths-entry-ticket-with-transfer-1403954,1403954,Adonis Baths entry ticket with transfer,"About 3 h, from Paphos. Takes in Adonis Baths. Includes hotel pickup. Small group. Price level €€ per person.",tickets,pickup;small-group;morning;half-day,paphos,Paphos,Adonis Baths,34.8703,32.4346,landmark,180,3 h,€€,person,,https://www.getyourguide.com/paphos-l426/adonis-baths-waterfall-entry-ticket-with-morning-transfer-t1403954/,0,false,
aphrodite-waterpark-2-day-pass-268637,268637,Aphrodite Waterpark 2-day pass,From Yeroskipou. Takes in Paphos and Aphrodite Waterpark. Good for families. Price level €€ per person.,water,family,paphos,Yeroskipou,Aphrodite Waterpark,34.7423,32.4414,landmark,,,€€,person,,https://www.getyourguide.com/paphos-l426/paphos-aphrodite-waterpark-2-day-pass-t268637/,0,false,
aphrodite-waterpark-ticket-1446129,1446129,Aphrodite Waterpark ticket,"A full day, from Yeroskipou. Takes in Aphrodite Waterpark and Paphos. Good for families. Price level €€ per person.",water,family;full-day,paphos,Yeroskipou,Aphrodite Waterpark,34.7423,32.4414,landmark,1440,full day,€€,person,,https://www.getyourguide.com/yeroskipou-l1352/aphrodite-waterpark-paphos-ticket-t1446129/,0,false,
aphrodite-waterpark-ticket-with-transport-1445868,1445868,Aphrodite Waterpark ticket with transport,"About 4 h, from Paphos. Takes in Aphrodite Waterpark. Includes hotel pickup. Good for families. Price level €€ per person.",water,pickup;family;half-day,paphos,Paphos,Aphrodite Waterpark,34.7423,32.4414,landmark,240,4 h,€€,person,,https://www.getyourguide.com/paphos-l426/aphrodite-waterpark-with-transport-t1445868/,0,false,
guided-open-water-swim-to-the-blue-lagoon-1405484,1405484,Guided open-water swim to the Blue Lagoon,"About 2 h, from Latchi. Takes in the Blue Lagoon. Small group. Price level €€ per person.",water,small-group;short,paphos,Latchi,Blue Lagoon (Akamas),35.0828,32.3058,landmark,120,2 h,€€,person,,https://www.getyourguide.com/paphos-district-l1351/latchi-guided-blue-lagoon-swim-one-way-or-return-t1405484/,0,false,
photography-tour-and-workshop-1484826,1484826,Photography tour & workshop,About 3–4 h. Private. Price level €€€€ per person.,classes,private;half-day,,,,,,,180,3–4 h,€€€€,person,,https://www.getyourguide.com/cyprus-l169006/photography-tour-workshop-in-cyprus-t1484826/,0,false,
private-holiday-photoshoot-with-a-pro-photographer-1482052,1482052,Private holiday photoshoot with a pro photographer,About 1.5 h. Private for up to 4 guests. Price level €€€€ per group (up to 4 guests).,classes,private;short,,,,,,,90,1.5 h,€€€€,group,4,https://www.getyourguide.com/cyprus-l169006/fun-and-empowering-photo-shoot-in-cyprus-t1482052/,0,false,
efoil-session-and-board-rental-1090413,1090413,EFoil session & board rental,About 1.5 h. Private. Price level €€€€ per person.,water,private;short,,,,,,,90,1.5 h,€€€€,person,,https://www.getyourguide.com/europe-l207848/cyprus-efoil-experience-board-rentals-t1090413/,0,false,
